date,open,high,low,close,volume,trade
01/01/2018,27.1,27.2,26.8,27.1,200146.0,170.0
01/02/2018,27.2,27.4,27.0,27.4,83875.0,582.0
01/03/2018,28.2,28.2,27.6,27.7,510716.0,334.0
01/04/2018,27.9,28.0,27.5,27.6,267331.0,207.0
01/07/2018,27.6,27.6,27.1,27.2,347450.0,265.0
01/08/2018,27.3,27.4,27.0,27.0,236994.0,176.0
01/09/2018,27.2,27.6,26.9,27.0,505291.0,276.0
01/10/2018,27.1,27.2,26.9,27.0,340555.0,170.0
01/11/2018,27.1,27.2,26.8,26.9,380462.0,272.0
01/14/2018,26.7,27.0,26.3,26.4,284761.0,210.0
01/15/2018,26.8,26.8,26.0,26.2,428283.0,224.0
01/16/2018,26.3,26.7,26.1,26.4,241453.0,189.0
01/17/2018,27.0,27.0,26.1,26.5,291780.0,197.0
01/18/2018,26.7,26.7,26.3,26.4,198229.0,149.0
01/21/2018,26.7,26.7,26.3,26.6,174410.0,106.0
01/22/2018,26.6,27.1,26.6,26.7,263710.0,287.0
01/23/2018,26.7,27.2,26.7,27.1,407345.0,310.0
01/24/2018,27.3,27.6,27.0,27.0,438106.0,318.0
01/25/2018,27.1,27.2,26.8,26.9,283060.0,161.0
01/28/2018,27.2,27.2,26.6,26.7,570058.0,332.0
01/29/2018,26.6,27.1,26.6,27.0,333052.0,243.0
01/30/2018,27.0,27.1,26.7,26.7,183742.0,164.0
01/31/2018,26.7,26.8,26.0,26.1,307670.0,260.0
02/01/2018,26.6,26.6,25.9,26.2,256893.0,173.0
02/04/2018,26.1,26.1,25.4,25.4,252728.0,185.0
02/05/2018,25.4,25.4,24.4,25.2,282210.0,262.0
02/06/2018,25.5,25.8,25.1,25.3,238649.0,198.0
02/07/2018,25.1,25.3,24.9,25.0,259378.0,190.0
02/08/2018,24.9,25.3,24.7,25.1,74126.0,91.0
02/11/2018,25.1,26.1,25.1,26.0,234955.0,217.0
02/12/2018,26.0,26.3,25.6,25.7,287462.0,208.0
02/13/2018,25.7,25.8,25.5,25.7,322028.0,246.0
02/14/2018,25.8,26.3,25.7,25.9,584060.0,329.0
02/15/2018,26.1,26.2,25.7,25.9,669117.0,344.0
02/18/2018,26.3,26.3,25.6,25.7,222648.0,171.0
02/19/2018,25.5,25.7,25.3,25.4,153134.0,185.0
02/20/2018,25.8,25.8,25.1,25.1,261036.0,176.0
02/22/2018,25.4,25.5,25.1,25.2,177374.0,90.0
02/25/2018,25.2,25.2,24.8,24.8,99772.0,118.0
02/26/2018,24.9,24.9,24.2,24.4,117277.0,165.0
02/27/2018,24.5,24.8,24.4,24.5,95479.0,126.0
02/28/2018,24.7,24.7,24.4,24.4,120986.0,124.0
03/01/2018,24.4,24.9,24.4,24.7,108330.0,120.0
03/04/2018,24.8,25.1,24.8,24.9,108339.0,152.0
03/05/2018,24.7,24.9,24.3,24.4,206753.0,182.0
03/06/2018,24.4,24.4,23.8,23.9,471585.0,415.0
03/07/2018,23.9,24.1,23.4,23.8,439487.0,315.0
03/08/2018,24.0,24.2,23.3,23.6,494234.0,296.0
03/11/2018,23.5,23.7,23.2,23.2,187501.0,151.0
03/12/2018,23.3,23.3,22.7,22.8,272264.0,234.0
03/13/2018,22.8,22.9,22.4,22.5,250370.0,231.0
03/14/2018,22.5,22.6,22.1,22.4,168656.0,221.0
03/15/2018,22.3,22.7,22.2,22.6,180961.0,258.0
03/18/2018,22.7,22.8,22.5,22.5,86041.0,124.0
03/19/2018,22.5,22.5,22.2,22.3,160854.0,187.0
03/20/2018,22.2,22.4,21.9,22.2,103049.0,95.0
03/21/2018,22.2,22.2,21.8,21.9,108123.0,121.0
03/22/2018,21.9,21.9,21.5,21.8,151942.0,150.0
03/25/2018,22.0,22.1,21.8,21.9,166979.0,120.0
03/27/2018,21.9,21.9,20.7,21.3,407426.0,216.0
03/28/2018,21.4,21.5,20.9,21.3,199322.0,134.0
03/29/2018,21.5,21.9,21.3,21.6,243922.0,223.0
04/01/2018,21.6,23.1,21.6,22.8,471037.0,361.0
04/02/2018,23.1,23.8,22.5,23.6,534272.0,383.0
04/03/2018,23.6,23.8,22.9,23.1,576158.0,410.0
04/04/2018,23.2,23.4,23.0,23.1,238093.0,173.0
04/05/2018,23.2,23.8,22.8,23.7,381218.0,223.0
04/08/2018,23.8,24.4,23.8,24.4,689432.0,450.0
04/09/2018,24.5,25.3,24.5,25.1,739779.0,632.0
04/10/2018,25.1,25.1,24.4,24.5,583573.0,424.0
04/11/2018,24.5,24.5,23.7,24.0,345127.0,327.0
04/12/2018,24.0,24.2,23.5,23.7,110385.0,115.0
04/15/2018,23.8,23.8,23.1,23.4,103074.0,129.0
04/16/2018,23.3,24.2,22.8,23.8,173744.0,196.0
04/17/2018,24.1,24.4,23.6,23.7,175398.0,196.0
04/18/2018,24.0,24.0,23.3,23.4,200960.0,179.0
04/19/2018,23.4,23.7,23.0,23.2,224777.0,162.0
04/22/2018,23.2,23.3,22.7,22.8,257347.0,259.0
04/23/2018,22.9,23.0,22.0,22.3,269584.0,308.0
04/24/2018,22.2,22.4,21.9,22.0,400621.0,211.0
04/25/2018,22.2,22.3,21.9,22.1,274454.0,169.0
04/26/2018,22.2,23.2,22.2,23.2,500550.0,386.0
04/30/2018,23.3,23.7,22.8,22.9,386393.0,277.0
05/03/2018,23.2,23.6,23.0,23.1,330965.0,283.0
05/06/2018,23.2,24.2,23.2,23.8,653071.0,492.0
05/07/2018,24.0,24.4,23.6,23.7,553065.0,344.0
05/08/2018,23.7,23.8,23.2,23.2,227063.0,167.0
05/09/2018,23.4,23.7,23.1,23.6,421206.0,256.0
05/10/2018,23.7,24.4,23.7,24.0,894478.0,599.0
05/13/2018,23.9,24.1,23.5,23.6,137354.0,178.0
05/14/2018,23.4,23.6,23.1,23.2,391384.0,307.0
05/15/2018,23.3,23.5,22.8,23.0,340035.0,255.0
05/16/2018,23.2,23.2,22.7,22.8,184318.0,164.0
05/17/2018,22.8,23.0,22.5,22.6,177561.0,167.0
05/20/2018,22.5,22.6,22.1,22.3,134499.0,146.0
05/21/2018,22.5,23.1,22.5,22.8,190266.0,154.0
05/22/2018,23.2,23.2,22.4,22.7,200090.0,161.0
05/23/2018,22.5,22.8,22.5,22.7,111610.0,90.0
05/24/2018,22.5,23.1,22.5,23.1,321134.0,234.0
05/27/2018,23.4,23.8,23.2,23.4,370874.0,341.0
05/28/2018,23.5,23.6,22.8,22.9,298240.0,231.0
05/29/2018,22.9,23.4,22.7,23.2,275583.0,236.0
05/30/2018,23.3,23.6,23.0,23.1,224669.0,173.0
05/31/2018,22.9,22.9,22.5,22.5,194993.0,178.0
06/03/2018,22.5,22.7,22.5,22.5,140550.0,131.0
06/04/2018,22.7,22.7,22.2,22.5,172781.0,158.0
06/05/2018,22.5,22.9,22.5,22.5,132616.0,141.0
06/06/2018,22.7,22.7,22.5,22.5,236332.0,148.0
06/07/2018,22.8,22.8,22.4,22.5,152547.0,143.0
06/10/2018,22.5,22.5,22.3,22.4,54862.0,74.0
06/11/2018,22.5,22.5,22.0,22.3,186471.0,122.0
06/12/2018,22.4,22.6,22.1,22.4,327250.0,170.0
06/18/2018,22.5,22.5,22.1,22.2,90167.0,79.0
06/19/2018,22.3,22.8,22.3,22.6,112009.0,123.0
06/20/2018,22.8,23.3,22.7,22.8,215053.0,179.0
06/21/2018,23.2,23.2,22.8,23.1,296098.0,218.0
06/24/2018,23.3,23.5,23.0,23.4,419404.0,293.0
06/25/2018,23.6,23.6,22.7,22.9,389309.0,257.0
06/26/2018,23.2,23.2,22.5,22.5,260000.0,233.0
06/27/2018,22.7,22.9,22.4,22.7,183613.0,205.0
06/28/2018,22.8,23.1,22.5,22.5,482879.0,221.0
07/02/2018,22.5,24.2,22.5,23.3,714789.0,575.0
07/03/2018,23.5,24.3,23.3,23.5,553571.0,391.0
07/04/2018,23.5,24.5,23.5,24.2,884000.0,472.0
07/05/2018,24.6,24.8,23.9,24.2,712062.0,600.0
07/08/2018,24.7,26.6,24.7,26.0,2392366.0,1286.0
07/09/2018,26.0,27.0,25.6,25.9,1880965.0,869.0
07/10/2018,26.1,26.3,25.3,25.6,1898422.0,845.0
07/11/2018,25.7,26.3,24.6,24.8,805859.0,562.0
07/12/2018,25.1,25.4,24.4,24.5,553628.0,341.0
07/15/2018,25.0,25.7,24.1,24.2,1256867.0,541.0
07/16/2018,25.2,25.2,24.2,24.4,367394.0,297.0
07/17/2018,24.4,24.8,24.0,24.1,460022.0,268.0
07/18/2018,24.2,24.5,23.7,23.8,485454.0,345.0
07/19/2018,23.8,24.4,23.8,24.3,638062.0,331.0
07/22/2018,24.5,26.3,24.5,26.0,1692790.0,1133.0
07/23/2018,26.3,26.8,25.1,25.1,1131265.0,596.0
07/24/2018,25.2,25.3,24.7,24.9,488782.0,360.0
07/25/2018,24.9,25.7,24.7,25.7,830175.0,515.0
07/26/2018,25.9,26.8,25.7,26.2,1596133.0,903.0
07/29/2018,26.3,26.5,25.3,25.5,602571.0,380.0
07/30/2018,25.7,26.0,25.2,25.4,394790.0,
07/31/2018,25.7,26.3,25.5,25.9,693341.0,502.0
08/01/2018,26.3,26.7,25.6,25.7,1598830.0,810.0
08/02/2018,26.3,27.7,25.7,27.4,2410189.0,1246.0
08/05/2018,27.4,28.9,27.0,28.2,3784403.0,1978.0
08/06/2018,28.3,28.9,27.3,27.6,1988857.0,1143.0
08/07/2018,27.7,28.0,26.4,26.8,1643145.0,1000.0
08/08/2018,26.8,27.1,26.1,26.2,1072949.0,638.0
08/09/2018,26.4,27.0,25.7,26.8,980322.0,550.0
08/12/2018,26.8,27.6,26.1,26.3,1217063.0,668.0
08/13/2018,26.3,26.6,25.6,25.8,665681.0,459.0
08/14/2018,25.8,27.0,25.8,25.9,760673.0,502.0
08/16/2018,26.6,26.6,25.6,25.7,891960.0,480.0
08/19/2018,25.8,25.8,25.1,25.2,743239.0,474.0
08/20/2018,25.4,26.3,25.2,26.1,424019.0,252.0
08/26/2018,26.2,26.3,26.0,26.2,374531.0,324.0
08/27/2018,26.2,26.5,25.9,26.0,362896.0,269.0
08/28/2018,26.2,26.2,25.8,25.9,370664.0,253.0
08/29/2018,26.2,26.3,25.7,25.7,769473.0,398.0
08/30/2018,25.9,26.9,25.8,26.4,1184914.0,668.0
09/03/2018,26.7,27.0,26.1,26.3,645734.0,359.0
09/04/2018,26.2,26.2,25.7,25.7,462482.0,267.0
09/05/2018,25.7,26.3,25.7,25.8,571359.0,330.0
09/06/2018,26.3,26.6,25.9,26.1,770457.0,324.0
09/09/2018,26.1,26.5,25.7,26.2,860628.0,509.0
09/10/2018,26.5,27.2,26.3,26.7,1174878.0,755.0
09/11/2018,26.9,27.3,26.3,26.5,884050.0,416.0
09/12/2018,26.5,26.7,26.0,26.1,784941.0,468.0
09/13/2018,26.2,26.3,25.7,25.8,1094940.0,476.0
09/16/2018,26.2,26.4,25.2,25.3,960792.0,593.0
09/17/2018,25.2,25.5,24.9,25.0,463271.0,311.0
09/18/2018,25.6,25.7,24.8,25.3,402242.0,267.0
09/19/2018,25.7,25.7,25.1,25.2,302943.0,238.0
09/20/2018,25.3,25.5,25.1,25.1,272121.0,226.0
09/23/2018,25.1,25.1,23.6,23.7,558036.0,606.0
09/24/2018,24.4,24.4,23.2,23.3,408781.0,255.0
09/25/2018,23.4,24.2,23.3,24.0,317171.0,219.0
09/26/2018,23.7,24.2,23.5,23.6,257320.0,236.0
09/27/2018,23.6,24.0,23.3,23.3,197162.0,202.0
09/30/2018,23.5,23.9,23.3,23.6,120530.0,135.0
10/01/2018,23.7,24.0,23.4,23.5,345324.0,135.0
10/02/2018,23.8,23.8,23.6,23.7,239967.0,173.0
10/03/2018,23.7,24.3,23.5,24.1,381383.0,274.0
10/04/2018,24.1,24.4,23.9,24.2,204886.0,161.0
10/07/2018,24.5,24.8,24.3,24.4,266596.0,0.0
10/08/2018,24.5,24.6,24.2,24.3,229750.0,
10/09/2018,24.2,24.4,24.0,24.1,296818.0,
10/10/2018,24.2,24.2,23.8,23.9,396162.0,0.0
10/11/2018,24.2,24.2,23.8,23.9,396162.0,0.0
10/14/2018,23.8,23.8,22.3,22.4,422622.0,376.0
10/15/2018,22.5,22.5,21.4,21.7,333334.0,302.0
10/16/2018,21.8,21.9,21.3,21.5,459258.0,252.0
10/17/2018,21.6,21.8,21.3,21.5,176643.0,167.0
10/18/2018,21.5,21.7,21.3,21.4,214900.0,124.0
10/21/2018,21.4,21.6,21.2,21.3,245120.0,191.0
10/22/2018,21.3,21.3,20.9,20.9,131608.0,139.0
10/23/2018,21.1,21.2,20.9,21.0,95139.0,128.0
10/24/2018,21.1,21.2,20.8,20.9,254086.0,162.0
10/25/2018,20.9,21.3,20.7,21.2,144893.0,
10/28/2018,21.1,21.1,20.8,20.8,115959.0,
10/29/2018,20.8,21.2,20.8,21.1,153061.0,
10/30/2018,21.4,21.8,21.3,21.6,201595.0,
10/31/2018,21.6,21.6,20.8,21.1,304976.0,
11/01/2018,21.2,21.4,20.8,20.9,536922.0,
11/04/2018,21.3,21.8,21.2,21.7,404687.0,
11/05/2018,21.8,22.2,21.5,21.7,708280.0,
11/06/2018,21.7,21.7,21.1,21.3,126305.0,
11/07/2018,21.3,21.7,21.3,21.3,271630.0,
11/08/2018,21.6,22.0,21.5,21.8,481522.0,269.0
11/11/2018,22.0,23.3,21.9,23.1,989159.0,703.0
11/12/2018,23.2,23.2,22.1,22.2,300779.0,222.0
11/13/2018,22.2,22.5,21.6,21.9,432964.0,280.0
11/14/2018,21.6,22.3,21.6,21.9,355183.0,275.0
11/15/2018,22.1,22.5,22.1,22.2,277401.0,201.0
11/18/2018,22.5,23.0,22.1,22.6,516788.0,305.0
11/19/2018,22.5,23.7,22.3,23.3,706121.0,430.0
11/20/2018,23.3,24.9,23.3,24.4,1705633.0,919.0
11/22/2018,24.4,25.0,24.1,24.5,995640.0,442.0
11/25/2018,24.4,24.9,23.9,24.1,968217.0,427.0
11/26/2018,24.4,24.4,23.3,23.6,590943.0,337.0
11/27/2018,23.8,23.9,23.0,23.4,325680.0,229.0
11/28/2018,23.7,23.7,23.2,23.3,142340.0,141.0
11/29/2018,23.7,23.7,23.1,23.2,254191.0,220.0
12/02/2018,23.2,23.6,23.2,23.2,165274.0,184.0
12/03/2018,23.7,23.7,23.1,23.2,127441.0,122.0
12/04/2018,23.6,23.6,23.2,23.2,360028.0,251.0
12/05/2018,23.2,23.4,23.1,23.2,251234.0,171.0
12/06/2018,23.2,23.3,22.8,22.9,150323.0,157.0
12/09/2018,23.0,23.0,22.4,22.5,164508.0,162.0
12/10/2018,22.4,23.2,21.9,22.0,247420.0,239.0
12/11/2018,22.5,22.5,21.7,22.2,260127.0,272.0
12/12/2018,23.0,23.0,22.0,22.4,126183.0,110.0
12/13/2018,22.1,22.5,22.0,22.4,61869.0,87.0
12/17/2018,22.9,22.9,21.9,21.9,58438.0,75.0
12/18/2018,22.9,22.9,22.0,22.1,58585.0,117.0
12/19/2018,22.9,22.9,22.1,22.4,88338.0,75.0
12/20/2018,22.5,22.6,22.2,22.5,92415.0,78.0
12/23/2018,22.7,22.9,22.3,22.4,100963.0,78.0
12/24/2018,22.9,22.9,22.2,22.5,108731.0,97.0
12/26/2018,22.3,22.5,22.3,22.5,67862.0,77.0
12/27/2018,22.6,22.9,22.5,22.7,79104.0,47.0
01/01/2019,21.6,22.3,21.2,21.8,180824.0,143.0
01/02/2019,22.0,22.2,21.8,22.0,216801.0,173.0
01/03/2019,22.1,22.6,22.1,22.4,370350.0,246.0
01/06/2019,22.4,23.1,22.3,23.0,613451.0,375.0
01/07/2019,23.0,23.4,22.9,23.0,598042.0,367.0
01/08/2019,23.0,23.4,22.9,23.1,276731.0,181.0
01/09/2019,23.0,23.3,22.6,22.8,297389.0,220.0
01/10/2019,23.1,23.1,22.6,22.8,231559.0,145.0
01/13/2019,22.8,23.0,22.6,23.0,341522.0,184.0
01/14/2019,23.0,23.1,22.8,23.0,241078.0,146.0
01/15/2019,23.0,23.9,23.0,23.3,662585.0,424.0
01/16/2019,23.4,23.6,23.0,23.0,309568.0,159.0
01/17/2019,23.2,23.2,22.6,22.6,210193.0,163.0
01/20/2019,22.7,23.1,22.6,23.0,282566.0,195.0
01/21/2019,22.7,23.2,22.7,23.0,287669.0,191.0
01/22/2019,23.3,23.3,22.7,22.8,157543.0,120.0
01/23/2019,23.0,23.1,22.7,22.8,337797.0,174.0
01/24/2019,23.2,23.4,22.7,23.2,334932.0,217.0
01/27/2019,23.0,24.1,23.0,23.6,816287.0,457.0
01/28/2019,23.9,23.9,23.2,23.3,271566.0,233.0
01/29/2019,23.2,23.6,23.1,23.4,293821.0,179.0
01/30/2019,23.3,23.6,22.9,23.0,205094.0,157.0
01/31/2019,22.9,23.1,22.5,22.6,454143.0,199.0
02/03/2019,22.9,22.9,22.1,22.2,350074.0,150.0
02/04/2019,22.7,22.8,21.8,22.1,270602.0,200.0
02/05/2019,22.2,22.4,21.7,21.9,111566.0,139.0
02/06/2019,22.0,22.4,21.8,22.2,85322.0,84.0
02/07/2019,22.1,22.4,22.0,22.3,179246.0,179.0
02/10/2019,22.1,22.4,21.7,21.9,166736.0,115.0
02/11/2019,21.4,22.3,21.4,22.1,102879.0,
02/12/2019,22.1,22.6,22.0,22.5,503209.0,239.0
02/13/2019,22.6,22.9,22.1,22.5,215086.0,205.0
02/14/2019,22.6,23.1,22.5,22.9,476472.0,318.0
02/17/2019,22.8,23.1,22.7,22.8,108797.0,123.0
02/18/2019,22.8,23.0,22.3,22.5,123051.0,124.0
02/19/2019,22.9,22.9,22.2,22.3,106009.0,102.0
02/20/2019,22.3,22.5,22.2,22.3,55259.0,73.0
02/24/2019,22.2,22.6,21.7,21.8,174770.0,175.0
02/25/2019,22.1,22.2,21.9,21.9,76190.0,84.0
02/26/2019,22.2,22.2,21.8,21.9,71235.0,91.0
02/27/2019,21.9,22.2,21.7,21.8,92075.0,93.0
03/03/2019,22.5,22.5,21.7,22.0,74063.0,80.0
03/04/2019,21.8,22.3,21.6,21.7,205805.0,142.0
03/05/2019,22.1,22.1,21.1,21.4,208700.0,138.0
03/06/2019,21.4,21.6,21.2,21.3,111397.0,
03/07/2019,21.2,21.8,21.2,21.7,95180.0,
03/10/2019,21.7,21.9,21.6,21.6,25070.0,
03/11/2019,21.6,21.7,21.3,21.5,22785.0,
03/12/2019,21.3,21.6,21.0,21.1,96070.0,
03/13/2019,21.3,21.3,20.5,20.7,145459.0,
03/14/2019,20.7,21.0,19.9,20.1,125784.0,
03/18/2019,20.2,20.2,19.5,19.7,120379.0,
03/19/2019,20.3,20.3,19.5,19.8,42624.0,
03/20/2019,19.7,20.3,19.7,20.2,91003.0,
03/21/2019,20.3,20.7,19.8,20.2,157161.0,
03/24/2019,20.3,20.4,19.9,20.0,95980.0,
03/25/2019,20.6,20.9,19.9,20.1,35102.0,
03/27/2019,19.9,20.3,19.9,20.0,85562.0,
03/28/2019,20.0,20.2,19.9,20.0,52919.0,
03/31/2019,20.3,20.3,19.7,19.8,36583.0,
04/01/2019,19.8,20.1,19.7,19.8,73472.0,
04/02/2019,19.8,20.2,19.8,19.9,78378.0,
04/03/2019,19.9,20.0,19.7,19.7,71432.0,
04/04/2019,19.7,20.0,19.7,19.8,12063.0,
04/07/2019,19.8,19.9,19.7,19.7,29612.0,
04/08/2019,19.7,19.8,19.1,19.4,92970.0,
04/09/2019,19.1,19.4,19.0,19.3,49701.0,
04/10/2019,19.4,19.4,18.9,19.0,32848.0,
04/11/2019,19.3,19.5,19.0,19.3,179000.0,
04/15/2019,19.3,19.4,18.8,18.9,44388.0,
04/16/2019,18.9,19.0,18.8,18.8,45915.0,
04/17/2019,19.3,19.3,18.9,19.0,71060.0,59.0
04/18/2019,19.2,20.2,19.2,19.7,255673.0,144.0
04/21/2019,19.8,19.8,19.5,19.6,54799.0,82.0
04/23/2019,19.7,19.7,19.1,19.1,55756.0,45.0
04/24/2019,19.0,19.2,18.8,18.9,45529.0,61.0
04/25/2019,18.9,19.2,18.9,19.0,59209.0,53.0
04/28/2019,19.0,19.3,19.0,19.2,36053.0,37.0
04/29/2019,19.1,19.1,18.7,19.0,48023.0,63.0
04/30/2019,19.0,19.7,17.4,19.0,387958.0,222.0
05/02/2019,19.0,19.9,19.0,19.9,157883.0,119.0
05/05/2019,20.2,20.3,19.9,20.3,225535.0,189.0
05/06/2019,20.4,20.6,19.7,19.8,161426.0,122.0
05/07/2019,20.2,20.2,19.5,19.6,178032.0,84.0
05/08/2019,19.3,19.7,19.3,19.4,92471.0,84.0
05/09/2019,19.4,19.8,19.1,19.1,179514.0,162.0
05/12/2019,19.7,20.0,19.2,19.3,110900.0,141.0
05/13/2019,19.7,19.7,19.0,19.6,101060.0,120.0
05/14/2019,19.5,19.5,19.0,19.3,109336.0,91.0
05/15/2019,19.0,19.3,19.0,19.1,16374.0,22.0
05/16/2019,18.9,19.4,18.9,19.2,41476.0,63.0
05/19/2019,19.7,20.1,19.1,19.8,211166.0,131.0
05/20/2019,20.0,20.0,19.1,19.2,62957.0,54.0
05/21/2019,19.7,19.7,19.1,19.3,101773.0,72.0
05/22/2019,19.7,19.7,19.0,19.3,56817.0,54.0
05/23/2019,19.7,19.7,19.4,19.7,128727.0,100.0
05/26/2019,19.9,20.0,19.3,19.5,401774.0,94.0
05/27/2019,19.4,20.0,19.4,19.8,92642.0,108.0
05/28/2019,19.9,19.9,19.6,19.8,80671.0,50.0
05/29/2019,20.1,20.1,19.8,20.0,85043.0,84.0
05/30/2019,20.5,20.5,19.7,19.8,49915.0,60.0
06/09/2019,20.3,20.3,19.6,19.7,69261.0,61.0
06/10/2019,20.1,20.4,20.0,20.3,259677.0,208.0
06/11/2019,20.4,20.7,20.2,20.6,148187.0,147.0
06/12/2019,20.6,20.6,20.0,20.1,240132.0,173.0
06/13/2019,20.1,20.6,20.1,20.5,208474.0,141.0
06/16/2019,20.7,20.7,20.3,20.7,264364.0,206.0
06/17/2019,20.2,20.5,20.2,20.4,136571.0,77.0
06/18/2019,20.6,20.9,20.4,20.9,220175.0,225.0
06/19/2019,20.9,20.9,20.3,20.5,221470.0,116.0
06/20/2019,20.5,20.6,20.1,20.2,90852.0,74.0
06/23/2019,20.2,20.2,19.9,19.9,96212.0,108.0
06/24/2019,19.8,20.1,19.7,20.0,123886.0,69.0
06/25/2019,20.2,20.2,19.9,20.0,31014.0,41.0
06/26/2019,20.0,20.5,20.0,20.4,182843.0,127.0
06/27/2019,20.1,20.5,20.1,20.4,38676.0,72.0
06/30/2019,20.7,20.7,20.3,20.5,80289.0,74.0
07/02/2019,20.6,20.7,20.5,20.7,112583.0,114.0
07/03/2019,20.5,20.7,20.4,20.5,52848.0,58.0
07/04/2019,20.6,20.7,20.3,20.4,77646.0,90.0
07/07/2019,20.4,20.6,20.1,20.2,67144.0,68.0
07/08/2019,20.2,20.4,20.1,20.3,29038.0,61.0
07/09/2019,20.3,20.3,19.8,19.9,124585.0,83.0
07/10/2019,20.1,20.1,19.4,19.6,123300.0,128.0
07/11/2019,19.5,20.7,19.3,19.4,133709.0,86.0
07/14/2019,19.4,19.8,19.0,19.2,126408.0,73.0
07/15/2019,19.2,19.6,18.9,19.0,79768.0,77.0
07/16/2019,19.0,20.3,19.0,19.0,122612.0,111.0
07/17/2019,21.0,21.0,18.9,19.0,96162.0,125.0
07/18/2019,19.2,19.4,19.0,19.1,43348.0,86.0
07/21/2019,19.0,19.1,18.4,18.7,153983.0,153.0
07/22/2019,18.3,18.8,16.8,18.4,223189.0,158.0
07/23/2019,18.9,19.1,18.4,19.0,87608.0,129.0
07/24/2019,18.9,19.0,18.4,18.9,40677.0,72.0
07/25/2019,18.7,19.4,18.7,19.2,76431.0,120.0
07/28/2019,19.4,19.5,18.9,19.0,91701.0,82.0
07/29/2019,19.0,19.7,19.0,19.4,62967.0,78.0
07/30/2019,19.4,19.9,19.0,19.0,138292.0,149.0
07/31/2019,19.0,19.6,18.8,19.0,106274.0,148.0
08/01/2019,19.3,19.3,18.9,19.0,224320.0,171.0
08/04/2019,19.2,19.6,18.6,18.9,493687.0,380.0
08/05/2019,19.3,19.3,18.6,18.8,40802.0,47.0
08/06/2019,19.0,19.2,18.9,19.1,139601.0,185.0
08/07/2019,19.1,19.2,18.5,18.7,153153.0,176.0
08/08/2019,19.0,19.0,18.5,18.8,95010.0,102.0
08/18/2019,18.6,18.9,18.6,18.7,108703.0,101.0
08/19/2019,18.9,19.1,18.9,19.0,135840.0,164.0
08/20/2019,19.3,19.3,19.0,19.1,79925.0,111.0
08/21/2019,19.3,19.5,19.2,19.4,324317.0,222.0
08/22/2019,19.5,19.6,19.3,19.5,158529.0,118.0
08/25/2019,19.7,19.7,19.4,19.5,92795.0,111.0
08/26/2019,19.8,19.8,19.0,19.1,81949.0,85.0
08/27/2019,19.5,19.5,18.8,18.9,94033.0,101.0
08/28/2019,18.9,19.1,18.6,18.7,96234.0,84.0
08/29/2019,18.9,18.9,18.5,18.7,30291.0,63.0
09/01/2019,18.9,18.9,17.9,18.1,51301.0,68.0
09/02/2019,19.0,19.0,17.9,17.9,19515.0,41.0
09/03/2019,18.5,18.5,17.8,17.9,65755.0,86.0
09/04/2019,18.3,18.3,17.7,17.8,96269.0,101.0
09/05/2019,17.9,18.0,17.9,17.9,21174.0,28.0
09/08/2019,18.0,18.3,17.9,18.1,54980.0,47.0
09/09/2019,17.9,18.1,17.9,17.9,105783.0,60.0
09/11/2019,17.7,17.8,17.5,17.6,160206.0,93.0
09/12/2019,17.5,18.1,17.5,17.9,86547.0,63.0
09/15/2019,17.9,18.1,17.7,17.9,37997.0,51.0
09/16/2019,18.1,18.4,17.8,17.8,86348.0,51.0
09/17/2019,18.1,18.1,17.7,17.8,99689.0,69.0
09/18/2019,18.0,18.0,17.7,17.8,118963.0,128.0
09/19/2019,18.2,18.2,17.7,17.8,531630.0,206.0
09/22/2019,17.9,18.3,17.7,18.1,100344.0,108.0
09/23/2019,18.2,18.3,18.0,18.1,154966.0,136.0
09/24/2019,18.3,18.3,17.7,17.7,160988.0,133.0
09/25/2019,17.8,17.8,17.5,17.6,163700.0,98.0
09/26/2019,17.5,17.9,17.5,17.8,39622.0,37.0
09/29/2019,17.8,18.0,17.8,17.9,117396.0,69.0
09/30/2019,17.9,17.9,17.6,17.7,66775.0,78.0
10/01/2019,17.9,17.9,17.8,17.9,51892.0,55.0
10/02/2019,17.9,17.9,17.7,17.7,134712.0,78.0
10/03/2019,17.9,17.9,17.7,17.7,81071.0,
10/06/2019,17.9,17.9,17.6,17.6,67592.0,99.0
10/07/2019,17.9,17.9,17.5,17.7,60808.0,53.0
10/09/2019,17.9,18.1,17.8,18.0,267926.0,
10/10/2019,17.8,17.9,17.7,17.7,214738.0,137.0
10/13/2019,17.8,17.9,17.7,17.7,214738.0,0.0
10/14/2019,17.7,17.7,16.9,17.0,348985.0,175.0
10/15/2019,17.2,17.5,16.8,17.4,249166.0,106.0
10/16/2019,17.2,17.3,16.7,16.9,26536.0,58.0
10/17/2019,16.8,16.8,16.3,16.5,45234.0,
10/20/2019,16.3,16.3,16.0,16.2,45657.0,49.0
10/21/2019,16.1,16.5,16.1,16.3,29555.0,36.0
10/22/2019,16.0,16.1,15.5,15.9,31560.0,66.0
10/23/2019,15.7,16.2,15.0,16.2,82205.0,
10/24/2019,16.1,16.8,16.1,16.7,44847.0,64.0
10/27/2019,16.3,16.3,15.9,16.1,42295.0,67.0
10/28/2019,15.9,16.1,15.4,15.6,60470.0,75.0
10/29/2019,15.9,15.9,15.0,15.1,59365.0,81.0
10/30/2019,15.2,15.7,15.1,15.4,126828.0,93.0
10/31/2019,15.7,15.9,15.4,15.6,63446.0,74.0
11/03/2019,15.9,16.1,15.6,15.9,77505.0,78.0
11/04/2019,15.9,16.0,15.3,15.9,78309.0,82.0
11/05/2019,16.0,16.1,15.7,15.9,30663.0,39.0
11/06/2019,16.0,16.2,15.7,15.9,101264.0,83.0
11/07/2019,16.1,16.2,15.0,16.1,210150.0,139.0
11/11/2019,16.0,16.3,15.9,16.2,156909.0,113.0
11/12/2019,16.4,16.4,15.9,15.9,49836.0,62.0
11/13/2019,15.7,15.8,15.5,15.7,151245.0,117.0
11/14/2019,15.5,15.8,15.5,15.7,24169.0,49.0
11/17/2019,15.6,15.9,15.6,15.7,65057.0,60.0
11/18/2019,15.7,15.8,15.5,15.5,77116.0,55.0
11/19/2019,15.5,15.7,15.4,15.5,42335.0,51.0
11/20/2019,15.6,15.6,15.2,15.3,82817.0,73.0
11/21/2019,15.4,15.5,15.2,15.4,28134.0,49.0
11/24/2019,15.5,15.7,15.4,15.5,92214.0,80.0
11/25/2019,15.6,16.2,15.6,15.9,140003.0,147.0
11/26/2019,16.2,16.6,16.0,16.5,198710.0,150.0
11/27/2019,16.5,17.9,16.5,17.0,426633.0,410.0
11/28/2019,17.0,18.2,16.9,18.0,554115.0,384.0
12/01/2019,18.1,18.1,17.3,17.4,185821.0,195.0
12/02/2019,17.4,17.4,16.8,16.9,253564.0,184.0
12/03/2019,17.0,17.1,16.3,16.5,95384.0,106.0
12/04/2019,17.0,17.0,16.5,16.7,48620.0,59.0
12/05/2019,16.8,17.0,16.3,16.4,90694.0,72.0
12/08/2019,16.5,16.5,15.9,16.0,155759.0,106.0
12/09/2019,15.9,16.1,15.6,15.8,24044.0,26.0
12/10/2019,15.8,16.2,15.6,15.8,38907.0,66.0
12/11/2019,15.9,16.1,15.6,15.8,28044.0,33.0
12/12/2019,15.6,15.6,15.3,15.4,210025.0,150.0
12/15/2019,15.4,15.7,15.1,15.2,59196.0,73.0
12/17/2019,15.2,15.2,14.5,14.7,51474.0,68.0
12/18/2019,14.8,15.4,14.8,15.1,33949.0,76.0
12/19/2019,15.6,15.6,15.1,15.2,31771.0,57.0
12/22/2019,15.3,15.3,14.8,15.0,103506.0,106.0
12/23/2019,14.6,15.2,14.6,14.8,51679.0,73.0
12/24/2019,15.0,15.0,14.7,14.9,33890.0,70.0
12/26/2019,15.0,15.0,14.8,14.8,92211.0,83.0
12/29/2019,14.8,15.0,14.4,14.6,235142.0,141.0
12/30/2019,14.6,14.9,14.4,14.6,240363.0,164.0
01/01/2020,16.1,16.2,15.9,15.9,91051.0,78.0
01/02/2020,16.1,16.7,16.1,16.4,938155.0,345.0
01/05/2020,16.7,16.7,16.0,16.1,188573.0,125.0
01/06/2020,16.1,16.4,15.7,15.8,81761.0,96.0
01/07/2020,15.8,16.0,15.5,15.6,57561.0,85.0
01/08/2020,15.7,15.8,15.3,15.4,60043.0,65.0
01/09/2020,15.4,15.7,15.3,15.4,61568.0,72.0
01/12/2020,15.4,15.9,15.3,15.5,63908.0,93.0
01/13/2020,15.5,15.5,15.0,15.1,107087.0,104.0
01/14/2020,14.8,14.9,14.2,14.6,86857.0,118.0
01/15/2020,15.0,15.1,14.7,14.8,13595.0,40.0
01/16/2020,14.9,15.0,14.3,14.5,63462.0,123.0
01/19/2020,15.0,15.6,15.0,15.5,84351.0,122.0
01/20/2020,15.9,16.0,15.4,15.5,180578.0,135.0
01/21/2020,15.3,15.4,15.0,15.0,110725.0,108.0
01/22/2020,15.0,15.3,15.0,15.1,65903.0,80.0
01/23/2020,15.3,15.7,15.0,15.6,104354.0,143.0
01/26/2020,15.7,16.1,15.5,15.8,149659.0,165.0
01/27/2020,15.7,15.7,15.4,15.4,85491.0,98.0
01/28/2020,15.5,15.7,15.2,15.6,77164.0,81.0
01/29/2020,15.6,15.6,15.2,15.3,42606.0,44.0
01/30/2020,15.4,15.9,15.2,15.6,127077.0,148.0
02/02/2020,15.6,16.1,15.5,15.8,377375.0,229.0
02/03/2020,15.9,16.6,15.9,16.5,362239.0,269.0
02/04/2020,16.5,16.5,16.0,16.1,288540.0,224.0
02/05/2020,15.9,16.2,15.8,16.0,123655.0,107.0
02/06/2020,16.1,16.1,15.7,15.8,176302.0,135.0
02/09/2020,15.9,15.9,15.4,15.5,169878.0,91.0
02/10/2020,15.6,15.9,15.5,15.6,82827.0,74.0
02/11/2020,15.9,16.2,15.5,15.7,469488.0,236.0
02/12/2020,16.0,17.0,16.0,16.8,655816.0,435.0
02/13/2020,16.6,17.6,16.5,17.4,648654.0,378.0
02/16/2020,17.6,19.0,17.4,18.8,1217471.0,652.0
02/17/2020,18.6,20.6,18.2,20.4,1441567.0,941.0
02/18/2020,20.8,21.2,19.3,19.7,1057308.0,682.0
02/19/2020,19.3,20.4,19.1,19.6,694600.0,606.0
02/20/2020,19.9,20.3,19.4,19.6,808747.0,570.0
02/23/2020,20.0,20.0,19.2,19.5,314378.0,330.0
02/24/2020,19.5,20.9,19.4,20.6,1028487.0,740.0
02/25/2020,20.6,21.0,20.1,20.5,558651.0,488.0
02/26/2020,20.7,21.0,20.5,20.7,618003.0,476.0
02/27/2020,20.8,21.9,20.8,21.4,1447965.0,928.0
03/01/2020,21.7,21.8,20.1,20.3,485070.0,497.0
03/02/2020,20.5,21.0,20.2,20.4,238680.0,338.0
03/03/2020,20.8,21.3,20.8,21.0,472708.0,500.0
03/04/2020,21.0,21.6,20.8,21.0,476786.0,507.0
03/05/2020,20.9,21.6,20.3,21.4,1065778.0,547.0
03/08/2020,21.2,21.6,20.5,20.9,597450.0,315.0
03/09/2020,20.5,20.5,18.9,19.3,350838.0,468.0
03/10/2020,19.7,20.3,19.0,20.1,392270.0,382.0
03/11/2020,19.7,20.5,19.4,19.9,294556.0,347.0
03/12/2020,20.0,20.1,18.6,19.7,446280.0,346.0
03/15/2020,18.9,19.6,17.8,18.2,319753.0,284.0
03/16/2020,18.4,18.9,16.4,17.5,306091.0,463.0
03/18/2020,17.5,17.5,15.8,16.3,289270.0,340.0
03/19/2020,19.5,19.5,19.5,19.5,5.0,1.0
03/22/2020,19.0,19.0,18.3,18.3,23756.0,16.0
03/23/2020,18.3,18.3,18.3,18.3,29657.0,10.0
03/24/2020,18.3,18.3,18.3,18.3,2630.0,4.0
03/25/2020,18.3,18.3,18.3,18.3,57.0,2.0
05/31/2020,18.3,18.3,18.3,18.3,956.0,7.0
06/01/2020,18.3,18.3,18.3,18.3,105.0,1.0
06/02/2020,18.3,18.3,18.3,18.3,1.0,1.0
06/03/2020,18.3,18.3,18.3,18.3,5.0,1.0
06/04/2020,18.3,18.3,18.3,18.3,309.0,3.0
06/07/2020,18.3,18.3,18.3,18.3,131.0,2.0
06/08/2020,18.3,18.3,18.3,18.3,5.0,1.0
06/09/2020,18.3,18.3,18.3,18.3,5.0,1.0
06/10/2020,18.3,18.3,18.3,18.3,5.0,1.0
06/11/2020,18.3,18.3,18.3,18.3,530.0,2.0
06/14/2020,18.3,18.3,18.3,18.3,530.0,4.0
06/15/2020,18.3,18.3,18.3,18.3,530.0,0.0
06/16/2020,18.3,18.3,18.3,18.3,9.0,2.0
06/17/2020,18.3,18.3,18.3,18.3,9.0,0.0
06/18/2020,18.3,18.3,18.3,18.3,9.0,0.0
06/21/2020,18.3,18.3,18.3,18.3,9.0,0.0
06/22/2020,18.3,18.3,18.3,18.3,9.0,0.0
06/23/2020,18.3,18.3,18.3,18.3,9.0,0.0
06/24/2020,18.3,18.3,18.3,18.3,9.0,0.0
06/25/2020,18.3,18.3,18.3,18.3,9.0,0.0
06/28/2020,18.3,18.3,18.3,18.3,6.0,1.0
06/29/2020,18.3,18.3,18.3,18.3,598.0,1.0
06/30/2020,18.3,18.3,18.3,18.3,598.0,0.0
07/02/2020,18.3,18.3,18.3,18.3,598.0,0.0
07/05/2020,18.3,18.3,18.3,18.3,598.0,0.0
07/06/2020,18.3,18.3,18.3,18.3,598.0,0.0
07/07/2020,18.3,18.3,18.3,18.3,598.0,0.0
07/08/2020,18.3,18.3,18.3,18.3,6825.0,5.0
07/09/2020,18.3,18.3,18.3,18.3,44220.0,39.0
07/12/2020,18.3,18.3,18.3,18.3,3937.0,8.0
07/13/2020,18.3,18.3,18.3,18.3,4920.0,6.0
07/14/2020,18.3,18.3,18.3,18.3,313.0,2.0
07/15/2020,18.3,18.3,18.3,18.3,115.0,2.0
07/16/2020,18.3,18.3,18.3,18.3,115.0,0.0
07/19/2020,18.3,18.3,18.3,18.3,105.0,1.0
07/20/2020,18.3,18.3,18.3,18.3,14700.0,10.0
07/21/2020,18.3,18.3,18.3,18.3,1076.0,2.0
07/22/2020,18.3,18.3,18.3,18.3,26.0,1.0
07/23/2020,18.3,19.8,18.3,19.1,365705.0,276.0
07/26/2020,19.1,19.4,18.7,19.0,277800.0,250.0
07/27/2020,19.0,20.8,18.8,20.5,1135220.0,517.0
07/28/2020,20.5,21.7,20.5,21.2,1476472.0,700.0
07/29/2020,21.4,22.4,21.1,22.3,1106690.0,722.0
07/30/2020,22.3,22.9,22.0,22.4,1177076.0,617.0
08/03/2020,22.4,22.6,21.1,21.6,953067.0,476.0
08/04/2020,21.8,23.3,21.6,23.0,2469337.0,1059.0
08/05/2020,23.1,23.3,22.5,23.2,929461.0,632.0
08/06/2020,23.3,24.4,22.9,24.1,1744953.0,874.0
08/09/2020,24.3,25.3,23.8,24.5,2552361.0,942.0
08/10/2020,24.6,24.6,23.0,23.5,800168.0,550.0
08/12/2020,23.5,24.2,22.3,22.8,1072291.0,703.0
08/13/2020,23.1,23.3,21.9,22.1,602738.0,503.0
08/16/2020,22.3,23.3,22.0,22.6,1624644.0,753.0
08/17/2020,23.0,23.5,22.0,22.2,859055.0,554.0
08/18/2020,22.3,22.7,21.4,21.5,704235.0,458.0
08/19/2020,21.7,22.3,21.0,21.4,704235.0,360.0
08/20/2020,22.1,22.4,21.4,22.1,389995.0,342.0
08/23/2020,22.2,23.2,21.7,22.0,1007388.0,706.0
08/24/2020,22.3,22.4,21.2,21.5,480449.0,422.0
08/25/2020,21.6,21.8,21.0,21.0,545233.0,362.0
08/26/2020,21.6,21.6,20.9,21.0,458221.0,384.0
08/27/2020,21.5,21.6,21.0,21.3,411590.0,235.0
08/31/2020,21.5,21.5,21.0,21.0,616382.0,373.0
09/01/2020,21.3,21.7,21.0,21.3,471696.0,299.0
09/02/2020,21.3,21.3,21.0,21.0,690209.0,369.0
09/03/2020,21.0,21.3,21.0,21.1,545562.0,307.0
09/06/2020,21.3,22.3,21.3,21.9,943767.0,486.0
09/07/2020,22.0,22.0,21.4,21.6,497247.0,268.0
09/08/2020,21.7,22.1,21.3,21.8,796975.0,374.0
09/09/2020,21.9,22.9,21.9,22.3,992265.0,555.0
09/10/2020,22.5,22.5,21.6,22.1,618698.0,394.0
09/13/2020,22.2,22.7,21.7,22.0,905356.0,514.0
09/14/2020,22.1,22.5,21.8,21.9,568503.0,311.0
09/15/2020,22.2,22.2,21.6,21.8,531774.0,211.0
09/16/2020,21.7,22.4,21.7,21.8,637484.0,323.0
09/17/2020,22.0,22.0,21.4,21.5,429571.0,257.0
09/20/2020,21.7,22.2,21.4,21.5,240323.0,171.0
09/21/2020,21.5,21.5,21.1,21.2,374714.0,213.0
09/22/2020,21.1,21.1,20.4,20.6,293398.0,253.0
09/23/2020,20.8,21.0,20.4,20.8,251184.0,186.0
09/24/2020,21.0,21.7,20.9,21.2,520284.0,319.0
09/27/2020,21.1,21.5,21.1,21.3,291631.0,162.0
09/28/2020,21.4,21.4,21.0,21.0,174763.0,120.0
09/29/2020,21.4,21.6,20.8,20.9,546649.0,288.0
09/30/2020,21.0,21.1,20.6,20.8,338580.0,238.0
10/01/2020,20.8,21.0,20.6,20.7,283833.0,127.0
10/04/2020,21.0,21.2,20.6,21.0,240580.0,169.0
10/05/2020,21.0,21.0,20.7,20.8,232974.0,90.0
10/06/2020,20.9,21.2,20.5,21.0,278791.0,181.0
10/07/2020,21.2,22.3,21.0,21.8,762918.0,475.0
10/08/2020,21.9,22.4,21.1,21.4,438662.0,316.0
10/11/2020,21.4,21.6,19.5,20.4,303899.0,187.0
10/12/2020,20.9,20.9,19.7,20.2,129581.0,122.0
10/13/2020,19.9,20.4,19.0,19.3,258062.0,220.0
10/14/2020,19.4,20.2,19.2,19.6,200915.0,166.0
10/15/2020,19.9,19.9,19.2,19.6,242918.0,188.0
10/18/2020,19.6,19.6,19.1,19.2,283743.0,208.0
10/19/2020,19.5,19.9,19.0,19.1,173135.0,133.0
10/20/2020,19.5,19.8,19.3,19.4,172990.0,99.0
10/21/2020,19.4,19.5,19.1,19.2,79866.0,66.0
10/22/2020,19.2,19.4,18.7,18.8,168887.0,164.0
10/25/2020,18.8,18.8,18.3,18.4,229649.0,143.0
10/27/2020,18.6,19.0,18.5,19.0,225055.0,179.0
10/28/2020,19.0,19.2,18.5,18.7,424776.0,228.0
10/29/2020,18.6,19.4,18.5,19.0,171572.0,119.0
11/01/2020,19.1,19.2,18.6,19.1,137613.0,99.0
11/02/2020,19.1,20.1,19.0,19.7,366099.0,264.0
11/03/2020,19.6,19.7,19.4,19.5,208749.0,146.0
11/04/2020,19.5,19.7,19.1,19.4,143965.0,79.0
11/05/2020,19.3,19.6,19.0,19.1,227496.0,158.0
11/08/2020,19.0,19.2,18.8,18.9,126485.0,123.0
11/09/2020,19.2,19.2,18.8,19.0,67199.0,71.0
11/10/2020,18.8,19.1,18.7,18.9,149339.0,132.0
11/11/2020,18.9,19.0,18.6,18.7,133583.0,110.0
11/12/2020,18.5,18.6,18.3,18.4,426211.0,178.0
11/15/2020,18.4,18.7,18.3,18.5,379583.0,145.0
11/16/2020,18.4,18.6,18.3,18.5,141648.0,92.0
11/17/2020,18.4,18.8,18.4,18.6,141635.0,88.0
11/18/2020,18.8,18.8,18.5,18.7,116029.0,97.0
11/19/2020,18.6,19.9,18.5,19.0,751129.0,363.0
11/22/2020,19.0,19.0,18.6,18.7,91174.0,81.0
11/23/2020,18.7,18.9,18.6,18.8,157876.0,94.0
11/24/2020,18.7,18.9,18.6,18.8,157876.0,0.0
11/25/2020,18.3,18.3,18.3,18.3,72003.0,26.0
11/26/2020,18.3,18.3,18.3,18.3,6749.0,9.0
11/29/2020,18.3,18.3,18.3,18.3,2719.0,4.0
11/30/2020,18.3,18.3,18.3,18.3,1795.0,2.0
12/01/2020,18.3,18.3,18.3,18.3,1418.0,3.0
12/02/2020,18.3,18.5,18.3,18.3,557382.0,91.0
12/03/2020,18.3,18.8,18.3,18.4,547061.0,261.0
12/06/2020,18.6,18.8,18.3,18.7,917776.0,253.0
12/07/2020,18.7,18.9,18.4,18.7,248971.0,180.0
12/08/2020,18.8,18.9,18.3,18.4,341622.0,152.0
12/09/2020,18.4,19.0,18.3,18.8,367455.0,166.0
12/10/2020,18.9,19.4,18.8,18.9,730795.0,284.0
12/13/2020,18.9,19.5,18.9,19.2,670454.0,363.0
12/14/2020,19.3,19.4,18.7,18.9,371253.0,168.0
12/15/2020,19.1,19.4,18.6,18.7,232592.0,165.0
12/17/2020,18.7,18.8,18.5,18.6,44693.0,56.0
12/20/2020,18.6,18.6,18.4,18.4,145459.0,105.0
12/21/2020,18.4,18.6,18.3,18.3,392140.0,148.0
12/22/2020,18.3,18.5,18.3,18.3,293114.0,122.0
12/23/2020,18.3,18.4,18.3,18.3,454151.0,171.0
12/24/2020,18.3,18.4,18.3,18.3,217494.0,125.0
12/27/2020,18.4,18.9,18.3,18.7,514298.0,220.0
12/28/2020,18.5,19.0,18.5,18.7,272577.0,122.0
12/29/2020,18.7,19.2,18.6,19.0,548204.0,271.0
12/30/2020,19.0,19.1,18.7,18.8,235288.0,140.0
01/03/2021,18.8,19.5,18.8,19.0,512360.0,258.0
01/04/2021,19.0,19.2,18.9,19.0,562854.0,248.0
01/05/2021,19.0,19.3,18.5,18.9,662907.0,231.0
01/06/2021,18.7,18.9,18.6,18.7,306969.0,204.0
01/07/2021,18.8,19.5,18.7,19.3,587546.0,299.0
01/10/2021,19.3,19.4,18.9,19.2,339624.0,186.0
01/11/2021,19.0,19.2,18.8,19.0,181711.0,150.0
01/12/2021,18.8,19.5,18.8,19.3,408468.0,288.0
01/13/2021,19.1,19.1,18.5,18.6,937167.0,361.0
01/14/2021,19.0,19.0,18.6,18.7,280419.0,147.0
01/17/2021,19.0,19.0,18.5,18.5,233281.0,134.0
01/18/2021,18.5,19.0,18.5,18.9,533048.0,203.0
01/19/2021,18.9,19.0,18.6,18.9,139456.0,71.0
01/20/2021,18.6,18.8,18.5,18.6,133954.0,100.0
01/21/2021,18.8,18.8,18.3,18.4,193349.0,113.0
01/24/2021,18.6,18.6,18.3,18.4,338301.0,160.0
01/25/2021,18.3,18.5,18.3,18.5,307321.0,91.0
01/26/2021,18.3,18.4,18.3,18.3,77164.0,60.0
01/27/2021,18.3,18.3,18.3,18.3,32794.0,14.0
01/28/2021,18.3,18.3,18.3,18.3,180360.0,21.0
01/31/2021,18.3,18.3,18.3,18.3,42068.0,17.0
02/01/2021,18.3,18.3,18.3,18.3,3374.0,9.0
02/02/2021,18.3,18.3,18.3,18.3,3880.0,7.0
02/03/2021,18.3,18.3,18.3,18.3,1050.0,6.0
02/04/2021,18.3,18.3,18.3,18.3,10631.0,3.0
02/07/2021,18.3,18.3,18.3,18.3,10631.0,0.0
02/08/2021,18.3,18.3,18.3,18.3,1144.0,3.0
02/09/2021,18.3,18.3,18.3,18.3,1144.0,0.0
02/10/2021,18.3,18.3,18.3,18.3,75922.0,9.0
02/11/2021,18.3,18.3,18.3,18.3,15072.0,7.0
02/14/2021,18.3,18.3,18.3,18.3,17850.0,3.0
02/15/2021,18.3,18.3,18.3,18.3,30230.0,6.0
02/16/2021,18.3,18.3,18.3,18.3,54861.0,9.0
02/17/2021,18.3,18.3,18.3,18.3,4221.0,5.0
02/18/2021,18.3,18.3,18.3,18.3,52.0,1.0
02/22/2021,18.3,18.3,18.3,18.3,3.0,1.0
02/23/2021,18.3,18.3,18.3,18.3,3.0,0.0
02/24/2021,18.3,18.3,18.3,18.3,3.0,0.0
02/25/2021,18.3,18.3,18.3,18.3,3.0,0.0
02/28/2021,18.3,18.3,18.3,18.3,105.0,1.0
03/01/2021,18.3,18.3,18.3,18.3,10500.0,2.0
03/02/2021,18.3,18.3,18.3,18.3,20475.0,12.0
03/03/2021,18.3,18.3,18.3,18.3,6453.0,5.0
03/04/2021,18.3,18.3,18.3,18.3,192.0,2.0
03/07/2021,18.3,18.3,18.3,18.3,192.0,0.0
03/08/2021,18.3,18.3,18.3,18.3,383.0,3.0
03/09/2021,18.3,18.3,18.3,18.3,107.0,2.0
03/10/2021,18.3,18.3,18.3,18.3,107.0,0.0
03/11/2021,18.3,18.3,18.3,18.3,131.0,1.0
03/14/2021,18.3,18.3,18.3,18.3,5470.0,5.0
03/15/2021,18.3,18.3,18.3,18.3,5470.0,0.0
03/16/2021,18.3,18.3,18.3,18.3,2310.0,4.0
03/18/2021,18.3,18.3,18.3,18.3,1182.0,6.0
03/21/2021,18.3,18.3,18.3,18.3,1182.0,0.0
03/22/2021,18.3,18.3,18.3,18.3,1182.0,0.0
03/23/2021,18.3,18.3,18.3,18.3,7885.0,2.0
03/24/2021,18.3,18.3,18.3,18.3,168.0,3.0
03/25/2021,18.3,18.3,18.3,18.3,535.0,2.0
03/28/2021,18.3,18.3,18.3,18.3,5.0,1.0
03/29/2021,18.3,18.3,18.3,18.3,420.0,2.0
03/31/2021,18.3,18.3,18.3,18.3,997.0,2.0
04/01/2021,18.3,18.3,18.3,18.3,1609.0,6.0
04/04/2021,18.3,18.3,18.3,18.3,1609.0,0.0
04/05/2021,18.3,18.3,18.3,18.3,1609.0,0.0
04/06/2021,18.3,18.3,18.3,18.3,108.0,2.0
04/07/2021,18.3,18.3,18.3,18.3,108.0,0.0
04/08/2021,18.1,18.2,16.5,16.5,196624.0,120.0
04/11/2021,16.2,16.2,16.2,16.2,1134.0,3.0
04/12/2021,15.9,15.9,15.9,15.9,5400.0,17.0
04/13/2021,15.6,15.6,15.6,15.6,4772.0,11.0
04/15/2021,15.4,16.1,15.4,15.9,644993.0,181.0
04/18/2021,15.9,16.2,15.6,15.6,143579.0,81.0
04/19/2021,15.4,15.9,15.3,15.6,136563.0,70.0
04/20/2021,15.3,15.5,15.3,15.4,198399.0,110.0
04/21/2021,15.3,15.5,15.2,15.3,545060.0,135.0
04/22/2021,15.3,15.4,15.0,15.1,261492.0,149.0
04/25/2021,15.0,15.5,15.0,15.4,294654.0,138.0
04/26/2021,15.3,16.3,15.3,16.2,1297859.0,454.0
04/27/2021,15.8,16.0,15.8,15.8,490085.0,153.0
04/28/2021,15.5,15.6,15.5,15.5,324768.0,86.0
04/29/2021,15.3,15.7,15.3,15.4,324787.0,142.0
05/02/2021,15.7,17.0,15.6,17.0,998391.0,394.0
05/03/2021,17.1,17.1,16.7,16.7,178000.0,110.0
05/04/2021,16.5,16.6,16.4,16.4,371873.0,111.0
05/05/2021,16.4,17.0,16.4,16.7,502924.0,184.0
05/06/2021,16.9,17.5,16.5,17.4,609395.0,295.0
05/09/2021,17.7,17.9,17.1,17.4,763197.0,413.0
05/11/2021,17.4,18.2,17.4,18.0,1054421.0,391.0
05/12/2021,17.9,18.3,17.7,18.2,593156.0,316.0
05/16/2021,18.4,19.6,18.2,19.1,1721687.0,703.0
05/17/2021,19.1,19.1,18.8,18.8,389796.0,134.0
05/18/2021,18.5,18.9,18.5,18.5,1107377.0,267.0
05/19/2021,18.7,18.7,18.2,18.2,441428.0,140.0
05/20/2021,17.9,18.8,17.9,17.9,849892.0,237.0
05/23/2021,18.1,18.1,17.6,17.6,684639.0,163.0
05/24/2021,17.4,18.5,17.3,17.8,1198981.0,314.0
05/25/2021,17.9,18.0,17.5,17.5,734777.0,224.0
05/27/2021,17.4,18.5,17.4,18.0,776291.0,361.0
05/30/2021,18.2,18.4,17.7,17.7,511141.0,256.0
05/31/2021,17.6,17.8,17.4,17.4,403185.0,172.0
06/01/2021,17.5,18.9,17.5,18.3,879242.0,392.0
06/02/2021,18.6,19.4,18.1,19.0,1374365.0,505.0
06/03/2021,19.2,19.9,19.0,19.8,2002782.0,570.0
06/06/2021,20.0,20.9,19.8,20.0,2371316.0,764.0
06/07/2021,19.9,20.8,19.6,19.6,1415148.0,357.0
06/08/2021,19.6,20.1,19.2,19.7,641667.0,271.0
06/09/2021,20.2,21.1,19.9,20.8,2499141.0,775.0
06/10/2021,21.1,21.9,21.0,21.2,2238912.0,868.0
06/13/2021,21.6,21.6,20.9,20.9,1458425.0,528.0
06/14/2021,20.6,21.0,20.5,21.0,753420.0,282.0
06/15/2021,21.1,21.1,20.6,20.6,1401836.0,447.0
06/16/2021,20.8,21.1,20.6,21.0,826010.0,377.0
06/17/2021,21.0,21.2,20.6,20.7,507398.0,236.0
06/20/2021,19.7,20.5,19.5,20.3,358139.0,192.0
06/21/2021,20.7,21.3,20.7,21.2,1238039.0,514.0
06/22/2021,21.2,23.3,21.2,23.3,7553364.0,1793.0
06/23/2021,25.0,25.2,22.6,23.0,3457664.0,1193.0
06/24/2021,22.7,25.0,22.2,24.6,4699134.0,1376.0
06/27/2021,24.3,27.0,23.6,27.0,12244153.0,2462.0
06/28/2021,27.3,28.1,25.4,25.6,3202258.0,1546.0
06/29/2021,25.2,26.4,24.5,25.0,2521204.0,1174.0
06/30/2021,25.2,26.0,25.0,25.8,2890681.0,975.0
07/05/2021,26.2,27.9,26.2,26.9,3826731.0,1120.0
07/06/2021,27.0,27.1,25.0,25.3,2589159.0,1060.0
07/07/2021,25.6,26.3,24.9,25.2,1687019.0,674.0
07/08/2021,25.2,25.6,24.8,25.0,1122547.0,506.0
07/12/2021,24.9,25.2,23.8,24.2,1369629.0,654.0
07/13/2021,24.4,24.6,23.8,24.0,859057.0,517.0
07/14/2021,24.1,25.0,23.4,24.6,1340674.0,672.0
07/15/2021,25.0,25.6,24.8,25.3,1668630.0,593.0
07/18/2021,25.5,25.5,22.9,24.0,1347446.0,727.0
07/19/2021,24.6,25.0,24.0,24.2,490986.0,284.0
07/25/2021,24.4,24.4,23.3,23.7,418123.0,264.0
07/26/2021,23.6,24.2,23.5,23.9,413882.0,246.0
07/27/2021,24.3,24.8,23.8,24.3,608139.0,349.0
07/28/2021,24.4,24.6,23.9,24.2,472417.0,258.0
07/29/2021,24.0,25.6,24.0,25.4,1628370.0,572.0
08/02/2021,25.8,26.6,25.6,26.4,3816070.0,1170.0
08/03/2021,26.6,26.8,25.3,25.5,2471079.0,918.0
08/05/2021,25.8,26.4,25.0,25.3,2543074.0,1064.0
08/09/2021,25.2,25.7,24.9,25.0,1889794.0,908.0
08/10/2021,25.5,26.2,25.0,25.1,3738312.0,1188.0
08/11/2021,25.2,25.5,24.8,25.0,2043834.0,898.0
08/12/2021,25.3,25.9,25.2,25.4,2937321.0,965.0
08/16/2021,25.4,27.2,25.3,26.9,5740716.0,1846.0
08/17/2021,26.9,27.0,26.0,26.2,2574385.0,886.0
08/18/2021,25.9,27.0,25.6,25.7,2385673.0,824.0
08/19/2021,25.7,25.8,25.2,25.6,1529578.0,600.0
08/22/2021,26.0,26.3,25.4,25.5,1625100.0,551.0
08/23/2021,25.7,25.8,25.1,25.2,1745889.0,782.0
08/24/2021,25.5,25.9,25.3,25.3,1121492.0,512.0
08/25/2021,25.5,25.7,25.0,25.1,1470824.0,687.0
08/26/2021,25.3,25.3,24.7,24.8,1223573.0,594.0
08/29/2021,24.9,25.0,23.7,24.1,1235228.0,590.0
08/31/2021,24.1,25.0,24.1,24.5,656517.0,366.0
09/01/2021,24.8,24.8,24.3,24.4,727152.0,405.0
09/02/2021,24.4,24.7,24.2,24.3,1155585.0,480.0
09/05/2021,24.6,24.6,24.2,24.4,900407.0,408.0
09/06/2021,24.6,26.0,24.4,25.5,3440851.0,1339.0
09/07/2021,25.7,26.1,25.1,25.2,1760320.0,828.0
09/08/2021,25.3,25.4,24.7,24.9,1887504.0,769.0
09/09/2021,25.1,25.1,24.5,24.6,802003.0,463.0
09/12/2021,24.6,24.9,23.7,24.0,1361682.0,814.0
09/13/2021,24.1,24.4,23.7,24.1,656045.0,295.0
09/14/2021,24.4,24.6,23.8,23.9,488027.0,346.0
09/15/2021,24.0,24.2,23.8,23.9,520691.0,330.0
09/16/2021,24.0,24.0,23.4,23.6,563825.0,333.0
09/19/2021,23.9,23.9,22.6,22.9,511243.0,348.0
09/20/2021,23.2,23.6,22.7,23.3,330031.0,267.0
09/21/2021,23.6,24.1,23.2,24.0,622100.0,365.0
09/22/2021,24.1,24.6,24.1,24.3,712364.0,387.0
09/23/2021,24.4,24.4,23.8,24.0,558990.0,278.0
09/26/2021,24.1,24.8,24.0,24.2,974473.0,509.0
09/27/2021,24.2,24.6,23.8,23.9,633517.0,312.0
09/28/2021,24.2,25.0,24.0,24.7,1322350.0,693.0
09/29/2021,25.0,25.2,24.0,24.3,1920131.0,702.0
09/30/2021,24.3,24.6,23.9,24.1,1041202.0,452.0
10/03/2021,24.4,24.7,23.9,24.0,1286176.0,504.0
10/04/2021,24.3,24.3,23.8,23.9,968109.0,402.0
10/05/2021,24.0,24.0,23.2,23.4,793501.0,459.0
10/06/2021,23.6,23.8,23.3,23.3,821505.0,389.0
10/07/2021,23.7,23.7,23.1,23.3,431150.0,264.0
10/10/2021,23.6,24.2,23.3,23.9,466714.0,311.0
10/11/2021,24.2,24.3,23.9,24.0,587255.0,303.0
10/12/2021,24.1,24.1,23.2,23.3,385086.0,323.0
10/13/2021,23.5,23.5,22.8,22.9,508868.0,355.0
10/14/2021,23.0,23.3,22.4,22.6,417104.0,259.0
10/17/2021,22.9,23.0,22.6,22.6,219580.0,146.0
10/18/2021,22.7,22.7,21.8,21.9,239259.0,241.0
10/19/2021,22.2,22.3,21.0,21.5,322984.0,227.0
10/21/2021,21.7,22.0,21.0,21.3,318504.0,218.0
10/24/2021,21.4,21.8,20.9,21.0,235166.0,160.0
10/25/2021,20.2,20.8,19.7,20.0,305871.0,190.0
10/26/2021,20.1,21.7,19.7,20.9,475164.0,274.0
10/27/2021,21.2,21.5,20.7,21.0,226226.0,158.0
10/28/2021,22.4,24.2,22.3,23.7,2008215.0,1178.0
10/31/2021,24.0,24.2,23.1,23.2,668981.0,503.0
11/01/2021,23.2,23.3,22.7,23.0,544796.0,427.0
11/02/2021,23.0,23.9,23.0,23.2,803402.0,480.0
11/03/2021,23.3,23.4,22.7,22.9,274802.0,253.0
11/04/2021,23.0,23.0,22.6,22.9,280875.0,252.0
11/07/2021,23.0,23.0,22.3,22.5,256467.0,295.0
11/08/2021,22.4,22.6,21.9,22.1,222178.0,240.0
11/09/2021,21.8,22.5,21.6,22.0,683827.0,475.0
11/10/2021,22.4,23.0,22.3,22.7,386631.0,295.0
11/11/2021,22.8,22.8,22.1,22.3,600247.0,398.0
11/14/2021,20.3,21.0,20.1,20.1,4230107.0,1679.0
11/15/2021,20.3,20.6,20.0,20.2,543623.0,354.0
11/16/2021,20.2,20.4,19.3,19.5,1006550.0,595.0
11/17/2021,19.4,19.8,19.2,19.5,463040.0,314.0
11/18/2021,19.4,19.8,19.2,19.5,463040.0,0.0
11/21/2021,19.0,19.1,18.5,18.6,690269.0,470.0
11/22/2021,18.7,19.0,18.6,18.7,258104.0,188.0
11/23/2021,19.0,19.1,18.6,18.7,295775.0,261.0
11/24/2021,18.9,19.0,18.5,18.6,426097.0,274.0
11/25/2021,18.5,18.7,18.2,18.3,406758.0,210.0
11/28/2021,18.4,18.4,17.9,18.0,192782.0,157.0
11/29/2021,18.3,18.4,17.9,17.9,252047.0,185.0
11/30/2021,18.0,18.2,17.9,17.9,206014.0,231.0
12/01/2021,18.2,18.3,17.8,17.8,374117.0,273.0
12/02/2021,17.7,18.2,17.6,18.1,324578.0,207.0
12/05/2021,18.3,18.5,18.2,18.4,216458.0,219.0
12/06/2021,18.5,18.9,18.5,18.6,220540.0,189.0
12/07/2021,18.6,19.1,18.6,19.1,286762.0,303.0
12/08/2021,18.8,19.4,18.6,18.8,339098.0,269.0
12/09/2021,19.0,19.5,18.9,19.2,236784.0,228.0
12/12/2021,19.1,19.3,18.6,18.7,184425.0,206.0
12/13/2021,19.0,19.0,18.2,18.3,119729.0,156.0
12/14/2021,18.4,18.6,17.9,18.0,197612.0,158.0
12/15/2021,18.2,18.2,17.8,17.9,88623.0,143.0
12/19/2021,17.9,18.0,17.5,17.6,132480.0,152.0
12/20/2021,17.6,18.0,17.4,17.9,52437.0,91.0
12/21/2021,17.9,18.1,17.9,18.0,147431.0,99.0
12/22/2021,18.1,18.2,17.6,17.7,90929.0,65.0
12/23/2021,17.7,17.9,17.6,17.7,66890.0,101.0
12/26/2021,17.6,17.8,17.3,17.3,90145.0,101.0
12/27/2021,17.4,17.7,17.3,17.6,26441.0,52.0
12/28/2021,17.6,18.1,17.6,17.9,252494.0,164.0
12/29/2021,18.2,18.3,17.7,17.7,142795.0,141.0
12/30/2021,17.7,17.8,17.5,17.5,242855.0,186.0
01/02/2022,17.9,18.1,17.7,17.8,42111.0,72.0
01/03/2022,18.1,18.5,17.9,18.0,232131.0,275.0
01/04/2022,18.0,18.1,17.8,17.9,153294.0,193.0
01/05/2022,18.0,18.5,17.9,18.3,296726.0,323.0
01/06/2022,18.3,18.8,18.2,18.6,327569.0,313.0
01/09/2022,18.6,18.6,18.1,18.5,321340.0,229.0
01/10/2022,18.4,18.8,18.2,18.6,264302.0,236.0
01/11/2022,18.6,19.3,18.5,18.9,587026.0,403.0
01/12/2022,18.9,19.2,18.6,18.8,581468.0,396.0
01/13/2022,18.7,19.1,18.7,18.9,329863.0,230.0
01/16/2022,18.5,19.1,18.5,19.0,332592.0,260.0
01/17/2022,19.0,19.3,19.0,19.2,377893.0,228.0
01/18/2022,18.7,19.5,18.7,19.2,327889.0,185.0
01/19/2022,19.1,19.9,19.1,19.8,405787.0,335.0
01/20/2022,19.7,20.2,19.5,19.7,731325.0,310.0
01/23/2022,19.9,19.9,19.1,19.2,374854.0,167.0
01/24/2022,19.2,19.2,18.6,18.8,130815.0,136.0
01/25/2022,18.9,19.2,18.7,19.0,213525.0,116.0
01/26/2022,19.2,19.6,19.1,19.3,334589.0,204.0
01/27/2022,19.6,19.8,18.9,19.3,479171.0,254.0
01/30/2022,19.1,19.1,18.2,18.3,412718.0,380.0
01/31/2022,18.4,18.7,18.1,18.4,282713.0,165.0
02/01/2022,18.4,19.1,18.2,18.4,271557.0,180.0
02/02/2022,18.5,18.8,18.4,18.6,160721.0,132.0
02/03/2022,18.6,18.7,18.5,18.7,148926.0,108.0
02/06/2022,18.7,18.8,18.5,18.5,119962.0,137.0
02/07/2022,18.6,18.6,18.3,18.5,200568.0,122.0
02/08/2022,18.5,18.5,18.3,18.4,286382.0,197.0
02/09/2022,18.4,18.7,18.4,18.6,137061.0,119.0
02/10/2022,18.5,18.8,18.5,18.6,89401.0,101.0
02/13/2022,18.6,18.7,18.5,18.6,192577.0,114.0
02/14/2022,18.6,18.7,18.4,18.5,196005.0,121.0
02/15/2022,18.4,18.6,18.4,18.5,76468.0,74.0
02/16/2022,18.6,18.6,18.4,18.5,59326.0,56.0
02/17/2022,18.4,18.5,18.3,18.4,171424.0,109.0
02/20/2022,18.4,18.5,18.2,18.2,86618.0,72.0
02/22/2022,18.2,18.4,18.1,18.2,74525.0,82.0
02/23/2022,18.4,18.6,18.2,18.4,198726.0,115.0
02/24/2022,18.6,19.1,18.2,18.5,491457.0,370.0
02/27/2022,18.5,18.5,17.8,18.0,493284.0,261.0
02/28/2022,18.2,18.4,18.0,18.2,150572.0,124.0
03/01/2022,18.3,18.4,18.0,18.0,141233.0,132.0
03/02/2022,18.1,18.4,17.8,18.0,128097.0,112.0
03/03/2022,18.3,18.3,17.8,17.9,77011.0,78.0
03/06/2022,18.2,18.2,17.9,18.0,60303.0,70.0
03/07/2022,18.0,18.1,17.0,17.2,150030.0,112.0
03/08/2022,17.5,17.6,16.8,17.4,177075.0,159.0
03/09/2022,17.9,18.0,17.6,18.0,87253.0,89.0
03/10/2022,17.9,18.6,17.8,18.2,187482.0,203.0
03/13/2022,18.4,18.7,18.1,18.7,312639.0,214.0
03/14/2022,18.9,19.1,18.6,18.8,216916.0,239.0
03/15/2022,18.9,19.0,18.5,18.7,247211.0,157.0
03/16/2022,18.9,18.9,18.5,18.6,179726.0,111.0
03/20/2022,18.7,18.7,18.3,18.3,73133.0,79.0
03/21/2022,18.3,18.3,18.0,18.1,82756.0,72.0
03/22/2022,18.5,18.7,18.1,18.7,109104.0,93.0
03/23/2022,18.7,18.7,18.4,18.5,113041.0,95.0
03/24/2022,18.4,18.8,18.3,18.4,103559.0,86.0
03/27/2022,18.3,18.6,18.3,18.5,131075.0,88.0
03/28/2022,18.7,18.7,18.3,18.5,135429.0,115.0
03/29/2022,18.5,18.6,18.5,18.5,64877.0,44.0
03/30/2022,18.6,18.6,18.4,18.5,30073.0,29.0
03/31/2022,18.5,18.5,18.2,18.4,125276.0,98.0
04/03/2022,18.5,18.7,18.3,18.4,95014.0,51.0
04/04/2022,18.3,18.6,18.3,18.4,27026.0,47.0
04/05/2022,18.3,18.4,18.2,18.2,58715.0,42.0
04/06/2022,18.1,18.3,18.0,18.3,39010.0,41.0
04/07/2022,18.1,18.4,18.1,18.2,21397.0,32.0
04/10/2022,18.4,18.5,18.1,18.1,41062.0,36.0
04/11/2022,18.3,18.4,18.3,18.3,42580.0,34.0
04/12/2022,18.1,18.3,18.0,18.0,63049.0,87.0
04/13/2022,18.0,18.1,17.8,18.0,12822.0,21.0
04/17/2022,18.0,18.0,17.7,17.8,95277.0,52.0
04/18/2022,17.6,17.6,17.5,17.5,52621.0,74.0
04/19/2022,17.5,17.8,17.2,17.8,23131.0,40.0
04/20/2022,17.8,18.3,17.6,18.0,13907.0,34.0
04/21/2022,18.1,18.7,18.0,18.6,150402.0,97.0
04/24/2022,18.7,19.0,18.6,18.7,168491.0,134.0
04/25/2022,18.6,18.6,18.0,18.3,107200.0,117.0
04/26/2022,18.3,18.5,18.2,18.4,47628.0,53.0
04/27/2022,18.4,18.6,18.3,18.6,75709.0,65.0
04/28/2022,18.3,18.6,18.3,18.3,62872.0,52.0
05/05/2022,18.1,18.4,18.1,18.2,4898.0,16.0
05/08/2022,18.4,18.8,18.3,18.8,116167.0,147.0
05/09/2022,19.0,19.4,18.8,19.0,331422.0,357.0
05/10/2022,19.2,19.7,19.1,19.4,351369.0,348.0
05/11/2022,18.9,19.4,18.9,18.9,294406.0,167.0
05/12/2022,19.0,19.0,18.5,18.6,122566.0,136.0
05/16/2022,18.5,18.5,17.8,17.9,224078.0,213.0
05/17/2022,18.1,18.4,17.5,17.8,121167.0,166.0
05/18/2022,18.0,18.4,17.0,17.5,125078.0,153.0
05/19/2022,17.4,17.8,17.1,17.3,90615.0,128.0
05/22/2022,17.7,17.7,16.8,17.0,102686.0,111.0
05/23/2022,17.4,17.9,17.1,17.6,53356.0,89.0
05/24/2022,17.6,17.9,17.1,17.5,35185.0,52.0
05/25/2022,17.8,17.8,17.0,17.1,78064.0,92.0
05/26/2022,17.2,17.7,17.0,17.2,33723.0,47.0
05/29/2022,17.5,18.0,17.5,17.8,77428.0,84.0
05/30/2022,17.8,18.4,17.7,18.2,178020.0,142.0
05/31/2022,17.9,18.3,17.9,18.2,59934.0,72.0
06/01/2022,18.0,18.4,18.0,18.3,214207.0,152.0
06/02/2022,18.4,18.5,18.2,18.3,111094.0,110.0
06/05/2022,18.5,18.5,18.2,18.3,118570.0,81.0
06/06/2022,18.0,18.5,18.0,18.2,87433.0,93.0
06/07/2022,18.2,18.6,18.0,18.4,169751.0,141.0
06/08/2022,18.2,18.9,18.2,18.7,186976.0,117.0
06/09/2022,18.8,19.0,18.5,19.0,240904.0,184.0
06/12/2022,18.8,18.8,18.7,18.7,235345.0,82.0
06/13/2022,18.8,19.1,18.5,18.9,453722.0,184.0
06/14/2022,19.0,19.2,18.8,19.1,237352.0,165.0
06/15/2022,19.0,19.5,19.0,19.4,248518.0,195.0
06/16/2022,19.2,19.7,19.1,19.2,52163.0,72.0
06/19/2022,19.0,19.2,18.9,19.1,90615.0,118.0
06/20/2022,19.1,19.1,18.8,18.8,16377.0,26.0
06/21/2022,18.6,19.1,18.5,18.5,76575.0,76.0
06/22/2022,18.3,18.6,18.2,18.4,66452.0,89.0
06/23/2022,18.5,18.7,18.2,18.3,90258.0,89.0
06/26/2022,18.2,18.4,18.1,18.2,27288.0,45.0
06/27/2022,18.1,18.6,18.1,18.4,53181.0,45.0
06/28/2022,18.3,19.3,18.3,19.2,194329.0,253.0
06/29/2022,19.2,19.4,18.9,19.2,323058.0,299.0
06/30/2022,19.3,19.7,19.2,19.3,185731.0,244.0
07/03/2022,19.4,19.6,19.1,19.2,274167.0,234.0
07/04/2022,19.7,20.0,19.1,19.7,572943.0,251.0
07/05/2022,19.8,20.4,19.4,19.6,555044.0,427.0
07/06/2022,19.6,19.8,19.3,19.3,96262.0,102.0
07/07/2022,19.1,19.6,19.1,19.2,237612.0,184.0
07/12/2022,19.0,20.0,19.0,19.7,230936.0,185.0
07/13/2022,19.5,19.9,19.4,19.4,150323.0,110.0
07/14/2022,19.3,19.6,19.1,19.1,182286.0,163.0
07/17/2022,19.2,19.2,18.8,18.9,155666.0,102.0
07/18/2022,19.0,19.0,18.6,18.6,50948.0,97.0
07/19/2022,19.0,19.0,18.3,18.3,79204.0,96.0
07/20/2022,18.1,18.4,18.0,18.2,105965.0,121.0
07/21/2022,18.5,18.5,18.0,18.1,70637.0,77.0
07/24/2022,18.1,18.3,17.8,17.8,77518.0,109.0
07/25/2022,17.6,18.9,17.5,18.7,153860.0,165.0
07/26/2022,18.9,19.0,18.5,18.6,113352.0,87.0
07/27/2022,18.4,18.5,18.3,18.3,62328.0,54.0
07/28/2022,18.1,18.1,18.0,18.0,61505.0,82.0
07/31/2022,18.3,18.7,18.2,18.6,184140.0,117.0
08/01/2022,18.4,19.5,18.4,19.1,335657.0,240.0
08/02/2022,19.3,20.4,19.3,20.3,1589871.0,808.0
08/03/2022,20.4,21.0,19.8,20.0,617335.0,328.0
08/04/2022,20.2,20.9,19.5,20.6,1175962.0,642.0
08/07/2022,20.4,20.8,20.2,20.7,629445.0,475.0
08/08/2022,20.9,21.9,20.3,21.0,1667606.0,917.0
08/10/2022,20.9,20.9,19.8,20.0,368607.0,312.0
08/11/2022,20.0,20.4,19.2,19.5,320021.0,261.0
08/14/2022,19.5,20.4,19.2,20.0,176926.0,180.0
08/16/2022,20.2,21.0,20.2,20.3,542070.0,349.0
08/17/2022,20.6,20.7,19.8,20.0,305399.0,253.0
08/21/2022,19.9,20.3,19.6,19.8,448395.0,260.0
08/22/2022,20.8,21.0,19.9,20.1,430356.0,240.0
08/23/2022,20.0,20.4,19.6,19.7,297776.0,245.0
08/24/2022,19.5,19.8,19.3,19.5,527500.0,303.0
08/25/2022,19.5,19.8,19.2,19.4,428414.0,311.0
08/28/2022,20.7,20.7,19.6,19.8,531152.0,201.0
08/29/2022,20.5,20.5,19.8,20.2,376794.0,218.0
08/30/2022,20.3,20.9,20.2,20.8,1181095.0,644.0
08/31/2022,21.2,21.6,20.6,20.7,1099586.0,485.0
09/01/2022,20.8,20.8,20.1,20.2,619471.0,293.0
09/04/2022,20.1,20.9,19.8,20.0,1022063.0,338.0
09/05/2022,20.0,20.3,19.5,19.7,208063.0,174.0
09/06/2022,20.4,20.4,19.4,19.6,273210.0,170.0
09/07/2022,19.6,19.9,19.0,19.2,474589.0,287.0
09/08/2022,19.4,19.6,19.1,19.2,184760.0,150.0
09/11/2022,19.1,19.3,18.6,18.7,232567.0,155.0
09/12/2022,18.9,19.0,18.5,18.6,125151.0,116.0
09/13/2022,18.7,19.0,18.5,18.7,268976.0,206.0
09/14/2022,18.7,18.7,18.2,18.2,295502.0,245.0
09/15/2022,18.3,18.5,18.2,18.2,206321.0,151.0
09/18/2022,18.2,18.4,18.2,18.3,149939.0,131.0
09/19/2022,18.3,18.4,18.2,18.2,296594.0,163.0
09/20/2022,18.4,18.8,18.2,18.2,397568.0,189.0
09/21/2022,18.2,18.4,18.2,18.3,281547.0,111.0
09/22/2022,18.3,18.4,18.2,18.3,122185.0,93.0
09/25/2022,18.2,18.6,18.2,18.2,87001.0,90.0
09/26/2022,18.6,18.6,18.2,18.2,102351.0,89.0
09/27/2022,18.2,18.3,18.2,18.2,125714.0,104.0
09/28/2022,18.2,18.3,18.2,18.2,76608.0,48.0
09/29/2022,18.2,18.2,18.2,18.2,62669.0,35.0
10/02/2022,18.2,18.3,18.2,18.2,168832.0,93.0
10/03/2022,18.2,18.3,18.2,18.2,40620.0,31.0
10/04/2022,18.2,18.2,18.2,18.2,81649.0,31.0
10/06/2022,18.2,18.2,18.2,18.2,33698.0,28.0
10/10/2022,18.2,18.2,18.2,18.2,28401.0,22.0
10/11/2022,18.2,18.2,18.2,18.2,6960.0,7.0
10/12/2022,18.2,18.2,18.2,18.2,8507.0,9.0
10/13/2022,18.2,18.2,18.2,18.2,74673.0,28.0
10/16/2022,18.2,18.3,18.2,18.2,75087.0,38.0
10/17/2022,18.2,18.2,18.2,18.2,4862.0,8.0
10/18/2022,18.2,18.2,18.2,18.2,433.0,7.0
10/19/2022,18.2,18.2,18.2,18.2,29257.0,12.0
10/20/2022,18.2,18.2,18.2,18.2,656.0,4.0
10/23/2022,18.2,18.2,18.2,18.2,450.0,1.0
10/24/2022,18.2,18.2,18.2,18.2,10.0,1.0
10/25/2022,18.2,18.2,18.2,18.2,7580.0,6.0
10/26/2022,18.2,18.2,18.2,18.2,1020.0,2.0
10/27/2022,18.2,18.5,18.2,18.2,205433.0,134.0
10/30/2022,18.2,18.2,18.2,18.2,45910.0,24.0
10/31/2022,18.2,18.2,18.2,18.2,40888.0,19.0
11/01/2022,18.2,18.2,18.2,18.2,38506.0,20.0
11/02/2022,18.2,18.4,18.2,18.2,103287.0,92.0
11/03/2022,18.2,18.6,18.2,18.5,175447.0,144.0
11/06/2022,18.3,18.6,18.2,18.2,119055.0,86.0
11/07/2022,18.2,18.2,18.2,18.2,61422.0,39.0
11/08/2022,18.2,18.3,18.2,18.2,177869.0,116.0
11/09/2022,18.2,18.2,18.2,18.2,47353.0,18.0
11/10/2022,18.2,18.2,18.2,18.2,6214.0,10.0
11/13/2022,18.2,18.2,18.2,18.2,21932.0,14.0
11/14/2022,18.2,18.2,18.2,18.2,17300.0,16.0
11/15/2022,18.2,18.2,18.2,18.2,1601.0,7.0
11/16/2022,18.2,18.2,18.2,18.2,3970.0,7.0
11/17/2022,18.2,18.2,18.2,18.2,3970.0,0.0
11/20/2022,18.2,18.2,18.2,18.2,3970.0,0.0
11/21/2022,18.2,18.2,18.2,18.2,2250.0,1.0
11/22/2022,18.2,18.2,18.2,18.2,2250.0,0.0
11/23/2022,18.2,18.2,18.2,18.2,2529.0,4.0
11/24/2022,18.2,18.2,18.2,18.2,500.0,1.0
11/27/2022,18.2,18.2,18.2,18.2,500.0,0.0
11/28/2022,18.2,18.2,18.2,18.2,500.0,0.0
11/29/2022,18.2,18.2,18.2,18.2,500.0,0.0
11/30/2022,18.2,18.2,18.2,18.2,701.0,3.0
12/01/2022,18.2,18.2,18.2,18.2,2370.0,2.0
12/04/2022,18.2,18.2,18.2,18.2,2370.0,0.0
12/05/2022,18.2,18.2,18.2,18.2,100.0,1.0
12/06/2022,18.2,18.2,18.2,18.2,1.0,1.0
12/07/2022,18.2,18.2,18.2,18.2,17.0,3.0
12/08/2022,18.2,18.2,18.2,18.2,1020.0,2.0
12/11/2022,18.2,18.2,18.2,18.2,3200.0,2.0
12/12/2022,18.2,18.2,18.2,18.2,3894.0,2.0
12/13/2022,18.2,18.2,18.2,18.2,500.0,1.0
12/14/2022,18.2,18.2,18.2,18.2,1.0,1.0
12/15/2022,18.2,18.2,18.2,18.2,1.0,0.0
12/18/2022,18.2,18.2,18.2,18.2,1.0,0.0
12/19/2022,18.2,18.2,18.2,18.2,1.0,0.0
12/20/2022,18.2,18.2,18.2,18.2,1.0,0.0
12/21/2022,18.2,18.2,18.2,18.2,101.0,2.0
12/22/2022,18.2,18.2,18.2,18.2,101.0,0.0
12/26/2022,18.2,18.2,18.2,18.2,101.0,0.0
12/27/2022,18.2,18.2,18.2,18.2,101.0,0.0
12/28/2022,18.2,18.2,18.2,18.2,101.0,0.0
12/29/2022,18.2,18.2,18.2,18.2,101.0,0.0
01/01/2023,18.2,18.2,18.2,18.2,101.0,0.0
01/02/2023,18.2,18.2,18.2,18.2,60.0,1.0
01/03/2023,18.2,18.2,18.2,18.2,60.0,0.0
01/04/2023,18.2,18.2,18.2,18.2,1431.0,4.0
01/05/2023,18.2,18.2,18.2,18.2,1431.0,0.0
01/08/2023,18.2,18.2,18.2,18.2,1431.0,0.0
01/09/2023,18.2,18.2,18.2,18.2,1431.0,0.0
01/10/2023,18.2,18.2,18.2,18.2,1000.0,2.0
01/11/2023,18.2,18.2,18.2,18.2,1000.0,0.0
01/12/2023,18.2,18.2,18.2,18.2,1000.0,0.0
01/15/2023,18.2,18.2,18.2,18.2,2700.0,2.0
01/16/2023,18.2,18.2,18.2,18.2,600.0,2.0
01/17/2023,18.2,18.2,18.2,18.2,122529.0,31.0
01/18/2023,18.2,18.2,18.2,18.2,9475.0,7.0
01/19/2023,18.2,18.2,18.2,18.2,200.0,2.0
01/22/2023,18.2,18.2,18.2,18.2,1000.0,1.0
01/23/2023,18.2,18.2,18.2,18.2,1000.0,0.0
01/24/2023,18.2,18.2,18.2,18.2,4490.0,2.0
01/25/2023,18.2,18.2,18.2,18.2,332.0,1.0
01/26/2023,18.2,18.2,18.2,18.2,100.0,1.0
01/29/2023,18.2,18.2,18.2,18.2,5610.0,1.0
01/30/2023,18.2,18.2,18.2,18.2,5610.0,0.0
01/31/2023,18.2,18.2,18.2,18.2,5610.0,0.0
02/01/2023,18.2,18.2,18.2,18.2,5610.0,0.0
02/02/2023,18.2,18.2,18.2,18.2,8380.0,12.0
02/05/2023,18.2,18.2,18.2,18.2,8380.0,0.0
02/06/2023,18.2,18.2,18.2,18.2,403.0,2.0
02/07/2023,18.2,18.2,18.2,18.2,10.0,2.0
02/08/2023,18.2,18.2,18.2,18.2,16.0,3.0
02/09/2023,18.2,18.2,18.2,18.2,30.0,1.0
02/12/2023,18.2,18.2,18.2,18.2,5.0,1.0
02/13/2023,18.2,18.2,18.2,18.2,5.0,0.0
02/14/2023,18.2,18.2,18.2,18.2,5.0,1.0
02/15/2023,18.2,18.2,18.2,18.2,1050.0,2.0
02/16/2023,18.2,18.2,18.2,18.2,1050.0,0.0
02/19/2023,18.2,18.2,18.2,18.2,1050.0,0.0
02/20/2023,18.2,18.2,18.2,18.2,1050.0,0.0
02/22/2023,18.2,18.2,18.2,18.2,155.0,3.0
02/23/2023,18.2,18.2,18.2,18.2,155.0,0.0
02/26/2023,18.2,18.2,18.2,18.2,155.0,0.0
02/27/2023,18.2,18.2,18.2,18.2,155.0,0.0
02/28/2023,18.2,18.2,18.2,18.2,155.0,0.0
03/01/2023,18.2,18.2,18.2,18.2,5.0,1.0
03/02/2023,18.2,18.2,18.2,18.2,5.0,0.0
03/05/2023,18.2,18.2,18.2,18.2,5.0,0.0
03/06/2023,18.2,18.2,18.2,18.2,1600.0,2.0
03/07/2023,18.2,18.2,18.2,18.2,430.0,3.0
03/09/2023,18.2,18.2,18.2,18.2,58.0,1.0
03/12/2023,18.2,18.2,18.2,18.2,100.0,1.0
03/13/2023,18.2,18.2,18.2,18.2,300.0,1.0
03/14/2023,18.2,18.2,18.2,18.2,300.0,0.0
03/15/2023,18.2,18.2,18.2,18.2,10.0,1.0
03/16/2023,18.2,18.2,18.2,18.2,10.0,0.0
03/19/2023,18.2,18.2,18.2,18.2,100.0,1.0
03/20/2023,18.2,18.2,18.2,18.2,100.0,0.0
03/21/2023,18.2,18.2,18.2,18.2,10000.0,1.0
03/22/2023,18.2,18.2,18.2,18.2,10000.0,0.0
03/23/2023,18.2,18.2,18.2,18.2,10000.0,0.0
03/27/2023,18.2,18.2,18.2,18.2,20.0,3.0
03/28/2023,18.2,18.2,18.2,18.2,20.0,0.0
03/29/2023,18.2,18.2,18.2,18.2,20.0,0.0
03/30/2023,18.2,18.2,18.2,18.2,20.0,0.0
04/02/2023,18.2,18.2,18.2,18.2,100.0,1.0
04/03/2023,18.2,18.2,18.2,18.2,15.0,2.0
04/04/2023,18.2,18.2,18.2,18.2,1000.0,1.0
04/05/2023,18.2,18.2,18.2,18.2,100.0,1.0
04/06/2023,18.2,18.2,18.2,18.2,200.0,1.0
04/09/2023,18.2,18.2,18.2,18.2,200.0,0.0
04/10/2023,18.2,18.2,18.2,18.2,200.0,0.0
04/11/2023,18.2,18.2,18.2,18.2,200.0,0.0
04/12/2023,18.2,18.2,18.2,18.2,501.0,2.0
04/13/2023,18.2,18.2,18.2,18.2,10.0,1.0
04/16/2023,18.2,18.2,18.2,18.2,10.0,0.0
04/17/2023,18.2,18.2,18.2,18.2,1080.0,2.0
04/18/2023,18.2,18.2,18.2,18.2,1080.0,0.0
04/24/2023,18.2,18.2,18.2,18.2,1000.0,1.0
04/25/2023,18.2,18.2,18.2,18.2,430.0,1.0
04/26/2023,18.2,18.2,18.2,18.2,320.0,1.0
04/27/2023,18.2,18.2,18.2,18.2,2920.0,4.0
04/30/2023,18.2,18.2,18.2,18.2,82.0,1.0
05/02/2023,18.2,18.2,18.2,18.2,82.0,0.0
05/03/2023,18.2,18.2,18.2,18.2,82.0,0.0
05/07/2023,18.2,18.2,18.2,18.2,82.0,0.0
05/08/2023,18.2,18.2,18.2,18.2,15518.0,8.0
05/09/2023,18.2,18.2,18.2,18.2,1938.0,5.0
05/10/2023,18.2,18.9,18.2,18.3,666786.0,296.0
05/11/2023,18.3,19.1,18.2,18.7,1340474.0,683.0
05/14/2023,18.8,18.8,18.2,18.5,284438.0,172.0
05/15/2023,18.5,18.9,18.3,18.4,897451.0,329.0
05/16/2023,18.4,18.7,18.2,18.5,417390.0,254.0
05/17/2023,18.4,18.6,18.3,18.5,311303.0,214.0
05/18/2023,18.5,19.0,18.3,18.9,494189.0,377.0
05/21/2023,18.8,19.5,18.5,19.2,385147.0,337.0
05/22/2023,19.3,19.5,18.6,18.7,435136.0,249.0
05/23/2023,18.7,19.0,18.6,18.7,236316.0,154.0
05/24/2023,18.7,19.0,18.2,18.3,364019.0,216.0
05/25/2023,18.5,18.8,18.2,18.3,334767.0,159.0
05/28/2023,18.3,18.5,18.2,18.4,623365.0,255.0
05/29/2023,18.4,18.8,18.4,18.6,219347.0,242.0
05/30/2023,18.6,19.1,18.6,18.9,1289708.0,650.0
05/31/2023,19.0,19.4,18.6,18.7,651253.0,495.0
06/01/2023,18.5,18.9,18.5,18.7,448842.0,206.0
06/04/2023,18.6,18.9,18.3,18.5,212433.0,168.0
06/05/2023,18.5,19.3,18.4,19.1,1262934.0,602.0
06/06/2023,19.2,19.4,18.7,18.8,758311.0,294.0
06/07/2023,19.1,19.4,18.3,18.5,778526.0,272.0
06/08/2023,18.6,18.6,18.2,18.4,308852.0,215.0
06/11/2023,18.6,18.6,18.2,18.3,179065.0,168.0
06/12/2023,18.3,18.5,18.2,18.3,222241.0,138.0
06/13/2023,18.2,18.3,18.2,18.2,234521.0,161.0
06/14/2023,18.2,18.2,18.2,18.2,12555.0,24.0
06/15/2023,18.2,18.2,18.2,18.2,15360.0,14.0
06/18/2023,18.2,18.2,18.2,18.2,1610.0,5.0
06/19/2023,18.2,18.3,18.2,18.2,48596.0,50.0
06/20/2023,18.2,18.4,18.2,18.2,161348.0,107.0
06/21/2023,18.2,18.7,18.2,18.6,392828.0,242.0
06/22/2023,18.6,18.8,18.3,18.6,158171.0,179.0
06/25/2023,18.6,18.8,18.4,18.6,270928.0,340.0
06/26/2023,18.6,19.1,18.6,18.9,687316.0,410.0
07/02/2023,19.3,19.3,18.8,19.0,317967.0,224.0
07/03/2023,19.3,19.4,18.6,18.7,339100.0,239.0
07/04/2023,18.7,19.0,18.5,18.8,182046.0,123.0
07/05/2023,19.0,19.5,18.7,19.2,1345841.0,626.0
07/06/2023,19.3,19.4,18.6,18.8,331855.0,223.0
07/09/2023,19.3,19.3,18.5,18.7,503378.0,236.0
07/10/2023,18.5,18.9,18.3,18.3,368070.0,209.0
07/11/2023,18.7,18.7,18.3,18.4,340276.0,147.0
07/12/2023,18.4,18.5,18.3,18.3,276627.0,138.0
07/13/2023,18.5,18.6,18.2,18.2,182819.0,121.0
07/16/2023,18.2,18.5,18.2,18.2,286603.0,176.0
07/17/2023,18.5,18.6,18.2,18.2,379024.0,224.0
07/18/2023,18.2,18.3,18.2,18.2,149440.0,126.0
07/19/2023,18.2,18.5,18.2,18.2,235141.0,221.0
07/20/2023,18.2,18.4,18.2,18.2,94466.0,97.0
07/23/2023,18.2,18.3,18.2,18.2,24275.0,34.0
07/24/2023,18.2,18.2,18.2,18.2,8351.0,13.0
07/25/2023,18.2,18.2,18.2,18.2,3329.0,7.0
07/26/2023,18.2,18.2,18.2,18.2,60.0,1.0
07/27/2023,18.2,18.2,18.2,18.2,7040.0,6.0
07/30/2023,18.2,18.2,18.2,18.2,504.0,5.0
07/31/2023,18.2,18.2,18.2,18.2,2007.0,4.0
08/01/2023,18.2,18.2,18.2,18.2,1806.0,8.0
08/02/2023,18.2,18.2,18.2,18.2,3970.0,4.0
08/03/2023,18.2,18.2,18.2,18.2,7100.0,4.0
08/06/2023,18.2,18.2,18.2,18.2,7100.0,0.0
08/07/2023,18.2,18.2,18.2,18.2,500.0,1.0
08/08/2023,18.2,18.2,18.2,18.2,500.0,0.0
08/09/2023,18.2,18.2,18.2,18.2,500.0,0.0
08/10/2023,18.2,18.2,18.2,18.2,500.0,0.0
08/13/2023,18.2,18.2,18.2,18.2,65.0,3.0
08/14/2023,18.2,18.2,18.2,18.2,11.0,2.0
08/16/2023,18.2,18.2,18.2,18.2,35.0,1.0
08/17/2023,18.2,18.2,18.2,18.2,35.0,0.0
08/20/2023,18.2,18.2,18.2,18.2,410.0,2.0
08/21/2023,18.2,18.2,18.2,18.2,410.0,0.0
08/22/2023,18.2,18.2,18.2,18.2,1000.0,1.0
08/23/2023,18.2,18.2,18.2,18.2,1000.0,0.0
08/24/2023,18.2,18.2,18.2,18.2,7550.0,2.0
08/27/2023,18.2,18.2,18.2,18.2,275.0,1.0
08/28/2023,18.2,18.2,18.2,18.2,329.0,2.0
08/29/2023,18.2,18.2,18.2,18.2,2.0,1.0
08/30/2023,18.2,18.2,18.2,18.2,2.0,0.0
08/31/2023,18.2,18.2,18.2,18.2,21.0,2.0
09/03/2023,18.2,18.2,18.2,18.2,1267.0,4.0
09/04/2023,18.2,18.2,18.2,18.2,1267.0,0.0
09/05/2023,18.2,18.2,18.2,18.2,1267.0,0.0
09/07/2023,18.2,18.2,18.2,18.2,1267.0,0.0
09/10/2023,18.2,18.2,18.2,18.2,105.0,2.0
09/11/2023,18.2,18.2,18.2,18.2,105.0,0.0
09/12/2023,18.2,18.2,18.2,18.2,105.0,0.0
09/13/2023,18.2,18.2,18.2,18.2,5.0,1.0
09/14/2023,18.2,18.2,18.2,18.2,5.0,1.0
09/17/2023,18.2,18.2,18.2,18.2,5.0,0.0
09/18/2023,18.2,18.2,18.2,18.2,5.0,0.0
09/19/2023,18.2,18.2,18.2,18.2,650.0,4.0
09/20/2023,18.2,18.2,18.2,18.2,135.0,2.0
09/21/2023,18.2,18.2,18.2,18.2,1115.0,3.0
09/24/2023,18.2,18.2,18.2,18.2,1115.0,0.0
09/25/2023,18.2,18.2,18.2,18.2,1115.0,0.0
09/26/2023,18.2,18.2,18.2,18.2,5.0,1.0
09/27/2023,18.2,18.2,18.2,18.2,5.0,1.0
10/01/2023,18.2,18.2,18.2,18.2,5.0,1.0
10/02/2023,18.2,18.2,18.2,18.2,5.0,0.0
10/03/2023,18.2,18.2,18.2,18.2,1.0,1.0
10/04/2023,18.2,18.2,18.2,18.2,1.0,0.0
10/05/2023,18.2,18.2,18.2,18.2,447.0,14.0
10/08/2023,18.2,18.2,18.2,18.2,10.0,1.0
10/09/2023,18.2,18.2,18.2,18.2,10.0,0.0
10/10/2023,18.2,18.2,18.2,18.2,400.0,2.0
10/11/2023,18.2,18.2,18.2,18.2,400.0,0.0
10/12/2023,18.2,18.2,18.2,18.2,145.0,4.0
10/15/2023,18.2,18.2,18.2,18.2,1275.0,13.0
10/16/2023,18.2,18.2,18.2,18.2,50.0,6.0
10/17/2023,18.2,18.2,18.2,18.2,20.0,6.0
10/18/2023,18.2,18.2,18.2,18.2,35.0,7.0
10/19/2023,18.2,20.1,18.2,19.3,4866756.0,2339.0
10/22/2023,19.5,19.8,18.4,18.6,512311.0,441.0
10/23/2023,18.2,18.4,18.2,18.2,886412.0,293.0
10/25/2023,18.2,18.2,18.2,18.2,62295.0,33.0
10/26/2023,18.2,18.2,18.2,18.2,5607.0,7.0
10/29/2023,18.2,18.2,18.2,18.2,6622.0,18.0
10/30/2023,18.2,18.2,18.2,18.2,29475.0,85.0
10/31/2023,18.2,18.2,18.2,18.2,16865.0,52.0
11/01/2023,18.2,18.2,18.2,18.2,4500.0,3.0
11/02/2023,18.2,18.2,18.2,18.2,5315.0,4.0
11/05/2023,18.2,18.2,18.2,18.2,53351.0,20.0
11/06/2023,18.2,18.2,18.2,18.2,5929.0,18.0
11/07/2023,18.2,18.2,18.2,18.2,11022.0,14.0
11/08/2023,18.2,18.2,18.2,18.2,450612.0,78.0
11/09/2023,18.2,18.2,18.2,18.2,4860.0,5.0
11/12/2023,18.2,18.2,18.2,18.2,85216.0,32.0
11/13/2023,18.2,18.5,18.2,18.2,2290074.0,829.0
11/14/2023,18.2,18.2,18.2,18.2,2290074.0,0.0
11/15/2023,18.2,18.2,18.2,18.2,5401.0,4.0
11/16/2023,18.2,18.2,18.2,18.2,1666.0,11.0
11/19/2023,18.2,18.2,18.2,18.2,4681.0,11.0
11/20/2023,18.2,18.2,18.2,18.2,30120.0,16.0
11/21/2023,18.2,18.2,18.2,18.2,56.0,3.0
11/22/2023,18.2,18.5,18.2,18.2,1622162.0,584.0
11/23/2023,18.2,18.4,18.2,18.2,46742.0,42.0
11/26/2023,18.2,18.7,18.2,18.4,1169238.0,623.0
11/27/2023,18.6,18.7,18.2,18.2,536747.0,341.0
11/28/2023,18.2,18.2,18.2,18.2,1653.0,7.0
11/29/2023,18.2,18.2,18.2,18.2,8975.0,10.0
11/30/2023,18.2,18.2,18.2,18.2,20190.0,13.0
12/03/2023,18.2,18.2,18.2,18.2,30490.0,14.0
12/04/2023,18.2,18.2,18.2,18.2,8822.0,16.0
12/05/2023,18.2,18.2,18.2,18.2,14653.0,6.0
12/06/2023,18.2,18.4,18.2,18.2,767468.0,261.0
12/07/2023,18.2,18.3,18.2,18.2,292403.0,175.0
12/10/2023,18.2,18.4,18.2,18.2,344299.0,164.0
12/11/2023,18.2,18.4,18.2,18.2,1127670.0,509.0
12/12/2023,18.2,18.4,18.2,18.3,1253759.0,494.0
12/13/2023,18.3,19.2,18.2,18.5,1495406.0,1009.0
12/14/2023,18.8,18.8,18.3,18.5,619569.0,333.0
12/17/2023,18.3,19.4,18.3,18.8,1471032.0,1046.0
12/18/2023,19.0,19.4,18.5,18.6,720845.0,464.0
12/19/2023,18.5,18.8,18.3,18.4,500519.0,391.0
12/20/2023,18.4,18.8,18.2,18.4,667080.0,382.0
12/21/2023,18.3,18.8,18.2,18.2,517537.0,255.0
12/24/2023,18.2,18.5,18.2,18.2,249096.0,146.0
12/26/2023,18.2,18.5,18.2,18.2,497286.0,167.0
12/27/2023,18.2,18.5,18.2,18.2,363763.0,227.0
12/28/2023,18.2,18.2,18.2,18.2,20164.0,62.0
01/01/2024,18.2,18.5,18.2,18.2,176443.0,166.0
01/02/2024,18.2,18.2,18.2,18.2,153270.0,495.0
01/03/2024,18.2,18.2,18.2,18.2,153270.0,0.0
01/04/2024,18.2,18.2,18.2,18.2,15054.0,21.0
01/08/2024,18.2,18.2,18.2,18.2,13705.0,8.0
01/09/2024,18.2,18.2,18.2,18.2,35.0,2.0
01/10/2024,18.2,18.2,18.2,18.2,2000.0,2.0
01/11/2024,18.2,18.2,18.2,18.2,11938.0,14.0
01/14/2024,18.2,18.2,18.2,18.2,33432.0,32.0
01/15/2024,18.2,18.2,18.2,18.2,5118.0,3.0
01/16/2024,18.2,18.2,18.2,18.2,164027.0,95.0
01/17/2024,18.2,18.2,18.2,18.2,20163.0,35.0
01/18/2024,18.2,18.2,18.2,18.2,951.0,6.0
01/21/2024,17.5,17.8,16.9,17.1,450180.0,295.0
01/22/2024,17.0,18.2,17.0,17.9,249376.0,212.0
01/23/2024,17.5,18.2,17.5,17.6,118582.0,180.0
01/24/2024,17.4,17.9,17.1,17.4,251410.0,199.0
01/25/2024,17.4,17.7,16.9,17.0,126264.0,129.0
01/28/2024,17.0,17.4,16.7,16.9,206795.0,174.0
01/29/2024,17.4,17.8,17.1,17.6,275646.0,326.0
01/30/2024,17.6,18.2,17.4,17.8,295165.0,281.0
01/31/2024,17.8,17.9,17.4,17.5,265008.0,185.0
02/01/2024,17.4,18.6,17.4,18.3,472467.0,514.0
02/04/2024,18.7,19.4,18.4,19.2,1209179.0,830.0
02/05/2024,18.7,19.1,18.5,18.8,384499.0,365.0
02/06/2024,18.6,18.9,18.4,18.5,476049.0,291.0
02/07/2024,18.4,19.5,18.4,19.4,985626.0,662.0
02/08/2024,19.5,19.9,19.2,19.3,1082095.0,549.0
02/11/2024,19.7,19.7,19.1,19.1,472724.0,240.0
02/12/2024,19.1,19.4,18.5,18.7,616469.0,384.0
02/13/2024,18.4,19.2,18.3,18.4,309908.0,292.0
02/14/2024,18.6,18.7,18.2,18.3,137545.0,191.0
02/15/2024,18.2,18.5,17.9,18.0,317093.0,215.0
02/18/2024,18.0,18.3,17.7,17.8,190480.0,127.0
02/19/2024,17.9,18.3,17.8,18.0,273208.0,189.0
02/20/2024,17.9,18.6,17.9,18.4,227062.0,375.0
02/22/2024,18.5,19.9,18.5,19.7,2805252.0,1984.0
02/25/2024,20.1,20.3,18.9,19.1,900979.0,565.0
02/27/2024,18.8,19.1,18.5,18.7,829111.0,533.0
02/28/2024,18.5,19.0,18.4,18.6,467811.0,348.0
02/29/2024,18.6,19.2,18.5,18.7,419641.0,294.0
03/03/2024,18.6,18.9,18.2,18.3,461637.0,393.0
03/04/2024,18.4,18.5,17.9,18.1,367882.0,269.0
03/05/2024,18.4,18.8,18.1,18.2,677046.0,512.0
03/06/2024,18.5,19.0,18.4,18.8,607717.0,379.0
03/07/2024,18.8,18.9,18.3,18.3,183711.0,140.0
03/10/2024,18.4,18.5,18.2,18.3,99395.0,79.0
03/11/2024,18.3,18.6,18.3,18.4,280434.0,167.0
03/12/2024,18.8,18.8,18.0,18.0,234635.0,216.0
03/13/2024,18.3,18.5,17.9,18.0,347561.0,304.0
03/14/2024,18.0,18.4,18.0,18.1,163711.0,106.0
03/18/2024,18.5,18.6,17.8,17.9,340964.0,197.0
03/19/2024,17.9,17.9,17.3,17.5,100331.0,114.0
03/20/2024,18.0,18.0,17.6,17.7,189115.0,94.0
03/21/2024,17.9,18.1,17.8,18.0,103966.0,86.0
03/24/2024,18.1,18.2,17.8,17.9,190906.0,133.0
03/25/2024,17.8,17.8,17.2,17.3,138540.0,114.0
03/27/2024,17.2,17.5,16.5,16.7,139457.0,217.0
03/28/2024,16.8,17.2,16.2,16.9,89797.0,127.0
03/31/2024,16.9,17.5,16.9,17.3,37032.0,75.0
04/01/2024,17.3,17.4,16.8,16.9,361812.0,129.0
04/02/2024,16.7,17.1,16.3,17.0,47354.0,197.0
04/03/2024,17.6,17.6,16.9,17.4,77070.0,78.0
04/04/2024,17.3,17.9,17.3,17.8,123439.0,158.0
04/08/2024,17.5,17.9,17.5,17.6,47434.0,83.0
04/09/2024,18.0,18.0,17.5,17.6,39946.0,65.0
04/15/2024,17.8,17.8,16.5,16.7,166052.0,192.0
04/16/2024,16.8,17.2,16.8,16.9,65840.0,89.0
04/17/2024,17.4,17.7,16.9,17.0,70463.0,82.0
04/18/2024,17.4,17.4,16.8,16.9,52575.0,70.0
04/21/2024,17.2,17.2,16.5,17.0,124536.0,98.0
04/22/2024,17.2,17.9,17.1,17.1,45418.0,63.0
04/23/2024,17.4,17.6,16.5,16.7,244780.0,125.0
04/24/2024,16.8,17.0,16.6,16.7,93181.0,111.0
04/25/2024,16.9,16.9,16.2,16.5,130700.0,140.0
04/28/2024,16.8,16.9,16.5,16.9,55108.0,87.0
04/29/2024,17.0,17.0,16.4,16.4,77620.0,95.0
04/30/2024,16.4,16.4,16.0,16.2,137005.0,150.0
05/02/2024,16.2,17.0,16.2,16.2,47323.0,63.0
05/05/2024,16.2,16.7,16.2,16.6,78804.0,124.0
05/06/2024,16.7,17.3,16.6,17.1,167809.0,172.0
05/07/2024,17.3,17.5,16.8,17.1,223910.0,150.0
05/08/2024,16.9,17.2,16.8,16.9,97062.0,91.0
05/09/2024,17.0,17.3,16.5,17.1,167345.0,151.0
05/12/2024,17.2,17.8,16.7,17.7,514761.0,282.0
05/13/2024,17.8,17.8,17.2,17.3,104132.0,121.0
05/14/2024,17.2,17.3,16.8,16.8,111735.0,105.0
05/15/2024,16.7,16.9,16.5,16.6,105156.0,78.0
05/16/2024,16.9,16.9,16.5,16.7,129030.0,82.0
05/19/2024,16.9,16.9,16.2,16.3,95140.0,97.0
05/20/2024,16.3,16.7,16.2,16.3,28249.0,62.0
05/21/2024,16.8,16.8,16.1,16.2,56754.0,95.0
05/23/2024,16.0,16.7,15.9,15.9,50840.0,69.0
05/26/2024,16.3,16.3,15.5,15.6,49035.0,77.0
05/27/2024,16.0,16.4,15.2,16.0,47815.0,85.0
05/28/2024,16.1,16.2,15.6,15.9,55654.0,86.0
05/29/2024,16.0,16.0,15.5,15.5,36949.0,65.0
05/30/2024,15.8,16.2,15.7,16.0,16164.0,46.0
06/02/2024,16.0,16.0,15.6,15.7,48234.0,74.0
06/03/2024,15.7,15.8,15.3,15.4,163707.0,172.0
06/04/2024,15.4,16.0,15.4,15.6,75789.0,88.0
06/05/2024,15.6,15.8,15.4,15.5,17544.0,41.0
06/06/2024,15.7,16.6,15.1,15.5,189453.0,131.0
06/09/2024,15.5,15.6,15.2,15.3,24803.0,63.0
06/10/2024,15.3,15.2,14.9,14.9,45726.0,82.0
06/11/2024,14.9,15.1,14.6,14.6,32360.0,53.0
06/12/2024,14.6,15.3,14.5,14.6,39601.0,56.0
06/13/2024,14.6,14.9,14.3,14.6,24497.0,48.0
06/19/2024,14.5,15.5,14.5,15.0,12472.0,
06/20/2024,15.0,15.6,14.9,15.4,19826.0,42.0
06/23/2024,15.7,15.7,15.1,15.1,20239.0,60.0
06/24/2024,15.1,15.2,14.9,15.1,26010.0,48.0
06/25/2024,15.1,15.1,15.0,15.0,48589.0,55.0
06/26/2024,15.1,15.3,14.9,15.2,21965.0,50.0
06/27/2024,15.0,15.9,15.0,15.4,56876.0,83.0
06/30/2024,15.4,15.5,15.1,15.4,39213.0,59.0
07/02/2024,15.5,15.5,15.0,15.3,42722.0,79.0
07/03/2024,15.1,15.7,15.1,15.5,61917.0,78.0
07/04/2024,15.6,17.0,15.6,16.4,217464.0,305.0
07/07/2024,16.5,16.8,16.3,16.7,83259.0,111.0
07/08/2024,16.5,16.9,16.4,16.6,166659.0,152.0
07/09/2024,16.6,17.5,16.6,17.1,198278.0,212.0
07/10/2024,16.9,17.2,16.7,16.9,231782.0,195.0
07/11/2024,17.0,17.4,16.4,16.4,143589.0,124.0
07/14/2024,16.1,16.5,16.0,16.1,39282.0,61.0
07/15/2024,16.2,16.5,16.1,16.2,50217.0,60.0
07/16/2024,16.3,16.3,16.0,16.1,27625.0,53.0
07/18/2024,15.9,16.0,15.8,15.9,25794.0,28.0
07/24/2024,15.7,15.8,15.5,15.6,41444.0,40.0
07/25/2024,15.8,16.4,15.6,16.0,903.0,14.0
07/28/2024,15.9,16.3,15.8,15.9,15540.0,
07/29/2024,15.7,15.8,15.6,15.6,20504.0,47.0
07/30/2024,15.5,15.8,15.2,15.2,52018.0,67.0
07/31/2024,15.2,15.9,15.0,15.1,20664.0,47.0
08/01/2024,15.3,15.4,15.0,15.2,61700.0,79.0
08/04/2024,15.4,16.3,14.8,14.8,41211.0,44.0
08/06/2024,15.2,16.2,15.2,16.2,59598.0,105.0
08/07/2024,16.1,17.0,16.1,16.9,190242.0,188.0
08/08/2024,16.7,18.0,16.7,17.9,311379.0,311.0
08/11/2024,18.0,19.6,17.9,19.0,1950211.0,973.0
08/12/2024,18.8,19.1,18.5,18.8,708232.0,487.0
08/13/2024,18.9,19.3,18.3,18.9,1041433.0,547.0
08/14/2024,19.0,19.3,18.4,18.5,385374.0,177.0
08/15/2024,18.5,18.9,18.4,18.6,414512.0,294.0
08/18/2024,18.2,18.7,18.1,18.1,609596.0,170.0
08/19/2024,17.8,18.3,17.6,17.7,115062.0,136.0
08/20/2024,17.8,18.2,17.4,17.5,41921.0,72.0
08/21/2024,17.5,17.6,17.0,17.0,186901.0,160.0
08/22/2024,17.0,17.7,16.9,17.1,153275.0,133.0
08/25/2024,17.4,17.4,16.9,17.0,37404.0,73.0
08/27/2024,16.5,17.9,16.5,17.5,170832.0,215.0
08/28/2024,17.3,17.9,17.3,17.6,81807.0,156.0
08/29/2024,17.8,18.0,17.5,17.8,191450.0,166.0
09/01/2024,18.0,18.5,17.8,18.2,252469.0,285.0
09/02/2024,18.9,19.0,18.1,18.4,589950.0,346.0
09/03/2024,18.8,18.8,17.9,18.0,239476.0,156.0
09/04/2024,17.8,18.3,16.9,17.9,150736.0,117.0
09/05/2024,18.1,18.1,17.7,17.9,78287.0,106.0
09/08/2024,17.8,18.8,17.5,17.6,198520.0,178.0
09/09/2024,17.8,17.8,17.3,17.5,62482.0,119.0
09/10/2024,17.4,17.8,17.4,17.6,38342.0,56.0
09/11/2024,17.7,18.0,17.5,17.8,73582.0,116.0
09/12/2024,17.9,18.3,17.6,17.6,88693.0,116.0
09/15/2024,17.8,18.2,17.6,17.6,124818.0,110.0
09/17/2024,18.8,18.8,17.6,17.7,130481.0,152.0
09/18/2024,17.8,18.0,17.4,17.4,152446.0,91.0
09/19/2024,17.5,17.8,17.4,17.5,29369.0,54.0
09/22/2024,17.6,17.9,17.3,17.5,78100.0,90.0
09/23/2024,17.7,17.8,17.3,17.3,123165.0,127.0
09/24/2024,17.1,17.6,17.0,17.1,94767.0,143.0
09/25/2024,17.2,17.4,16.0,16.6,83407.0,112.0
09/26/2024,16.7,17.1,16.1,16.4,32991.0,65.0
09/29/2024,16.4,17.0,16.2,16.5,10350.0,45.0
09/30/2024,16.8,16.8,16.1,16.3,76425.0,72.0
10/01/2024,16.5,17.0,16.2,16.3,50754.0,76.0
10/02/2024,16.4,17.4,15.6,15.7,169087.0,161.0
10/03/2024,16.2,16.2,15.3,15.9,35587.0,66.0
10/06/2024,16.2,16.9,15.8,15.9,175629.0,135.0
10/07/2024,15.8,16.2,15.8,15.8,54574.0,52.0
10/08/2024,15.3,16.6,15.3,15.8,15074.0,47.0
10/09/2024,15.4,16.0,15.4,15.9,67414.0,95.0
10/14/2024,16.0,16.5,15.5,16.0,83177.0,87.0
10/15/2024,16.0,16.3,15.6,15.7,88020.0,53.0
10/16/2024,15.5,15.9,15.5,15.8,4049.0,13.0
10/17/2024,15.6,15.7,15.0,15.3,65473.0,87.0
10/20/2024,15.5,15.6,14.6,14.7,58053.0,91.0
10/21/2024,15.0,15.9,14.7,15.5,64206.0,118.0
10/22/2024,15.5,16.2,15.5,15.9,124239.0,180.0
10/23/2024,15.9,15.9,15.4,15.6,82117.0,80.0
10/24/2024,16.0,16.5,15.6,16.3,301363.0,313.0
10/27/2024,16.5,16.5,15.7,15.8,86187.0,142.0
10/28/2024,16.0,16.8,15.4,15.9,165940.0,182.0
10/29/2024,15.8,16.4,15.8,16.3,116539.0,168.0
10/30/2024,16.4,16.8,16.2,16.7,356134.0,350.0
10/31/2024,16.8,16.8,16.2,16.6,190581.0,173.0
11/03/2024,16.6,16.6,16.2,16.3,244943.0,197.0
11/04/2024,16.3,17.0,16.3,16.9,209350.0,206.0
11/05/2024,17.0,17.4,16.8,16.9,411792.0,337.0
11/06/2024,16.9,16.9,16.6,16.7,247955.0,224.0
11/07/2024,16.6,16.9,16.6,16.7,151011.0,164.0
11/10/2024,16.5,17.0,16.5,16.8,200144.0,159.0
11/11/2024,16.9,17.0,16.7,16.8,132383.0,107.0
11/12/2024,16.9,16.9,16.4,16.5,132598.0,138.0
11/13/2024,16.5,17.0,16.5,16.9,112495.0,118.0
11/14/2024,17.5,18.5,17.4,18.5,2044659.0,586.0
11/17/2024,19.5,20.0,18.6,18.9,969702.0,712.0
11/18/2024,18.8,18.9,18.5,18.7,1200717.0,655.0
11/19/2024,18.7,18.7,18.2,18.5,593791.0,331.0
11/20/2024,18.5,18.6,18.3,18.4,572331.0,301.0
11/21/2024,18.5,18.5,17.8,18.0,649130.0,351.0
11/24/2024,18.0,18.0,18.0,18.0,0.0,0.0
11/25/2024,16.7,17.2,16.2,16.8,418188.0,329.0
11/26/2024,16.9,17.0,16.5,16.6,174825.0,132.0
11/27/2024,16.7,17.5,16.2,17.4,771875.0,370.0
11/28/2024,17.5,17.6,17.0,17.1,384797.0,248.0
12/01/2024,17.1,17.4,16.8,17.3,265926.0,231.0
12/02/2024,17.5,17.7,17.3,17.4,570931.0,345.0
12/03/2024,17.5,17.7,17.3,17.6,577593.0,353.0
12/04/2024,17.7,17.8,17.2,17.3,356398.0,295.0
12/05/2024,17.2,17.3,16.8,16.9,288524.0,284.0
12/08/2024,16.9,16.9,16.2,16.7,226507.0,275.0
12/09/2024,16.8,17.1,16.7,17.0,297360.0,363.0
12/10/2024,17.1,18.0,17.1,17.8,854282.0,558.0
12/11/2024,17.9,18.4,17.6,17.9,1220565.0,822.0
12/12/2024,17.7,18.2,17.5,17.8,637979.0,423.0
12/15/2024,17.9,18.1,17.4,17.6,454340.0,274.0
12/17/2024,17.8,17.9,17.3,17.4,571661.0,343.0
12/18/2024,17.7,17.8,16.9,17.1,496884.0,311.0
12/19/2024,17.1,17.3,16.9,17.2,271713.0,168.0
12/22/2024,17.2,17.2,16.7,16.8,212933.0,213.0
12/23/2024,16.9,16.9,16.7,16.9,108342.0,93.0
12/24/2024,16.8,16.9,16.6,16.7,141864.0,135.0
12/26/2024,16.7,17.0,16.5,16.9,137777.0,122.0
12/29/2024,16.9,17.0,16.5,16.7,154083.0,144.0
12/30/2024,16.8,16.9,16.6,16.8,148516.0,109.0
01/01/2025,16.9,17.0,16.7,16.7,122465.0,105.0
01/02/2025,16.7,16.7,16.5,16.6,128302.0,125.0
01/05/2025,16.5,16.6,16.3,16.4,116245.0,209.0
01/06/2025,16.4,16.7,16.4,16.6,87251.0,80.0
01/07/2025,16.6,16.9,16.6,16.7,173812.0,110.0
01/08/2025,16.8,17.1,16.7,16.9,562531.0,294.0
01/09/2025,16.9,16.9,16.6,16.7,141059.0,132.0
01/12/2025,16.6,16.7,16.4,16.4,191285.0,156.0
01/13/2025,16.4,16.5,16.2,16.3,86311.0,112.0
01/14/2025,16.5,16.5,16.1,16.2,113185.0,141.0
01/15/2025,16.2,16.4,16.0,16.1,185594.0,161.0
01/16/2025,16.3,16.5,16.1,16.1,128528.0,129.0
01/19/2025,16.1,16.5,16.1,16.3,152490.0,96.0
01/20/2025,16.3,16.5,16.2,16.3,92989.0,103.0
01/21/2025,16.5,16.9,16.4,16.6,409543.0,266.0
01/22/2025,16.7,16.8,16.5,16.8,155798.0,138.0
01/23/2025,16.7,17.2,16.6,17.1,507844.0,383.0
01/26/2025,17.4,17.4,17.1,17.2,419597.0,302.0
01/27/2025,17.2,17.3,16.5,16.6,320579.0,260.0
01/28/2025,17.1,17.1,16.6,16.8,286424.0,133.0
01/29/2025,17.3,18.4,17.3,17.9,1547229.0,953.0
01/30/2025,18.1,18.1,17.4,17.6,477730.0,359.0
02/02/2025,17.5,17.7,17.3,17.4,415330.0,311.0
02/03/2025,17.5,17.8,17.1,17.2,497481.0,382.0
02/04/2025,17.3,17.4,17.2,17.3,210299.0,186.0
02/05/2025,17.3,17.7,17.3,17.4,562799.0,274.0
02/06/2025,17.6,17.9,17.5,17.5,406817.0,292.0
02/09/2025,17.8,18.6,17.6,17.6,763898.0,397.0
02/10/2025,17.9,17.9,17.5,17.6,348868.0,199.0
02/11/2025,17.7,18.3,17.5,18.1,1083701.0,684.0
02/12/2025,18.0,18.2,17.6,17.6,315736.0,280.0
02/13/2025,17.6,17.8,17.4,17.5,362207.0,252.0
02/16/2025,17.7,17.7,17.3,17.4,279381.0,180.0
02/17/2025,17.6,18.0,17.3,17.8,963887.0,488.0
02/18/2025,17.8,17.9,17.5,17.5,358134.0,248.0
02/19/2025,17.5,17.6,17.4,17.5,270222.0,282.0
02/20/2025,17.6,17.8,17.5,17.7,385059.0,238.0
02/23/2025,17.7,17.9,17.6,17.7,376876.0,198.0
02/24/2025,17.7,18.2,17.7,17.9,915405.0,431.0
02/25/2025,18.1,18.2,17.6,17.7,737785.0,270.0
02/26/2025,17.9,17.9,17.4,17.5,470794.0,255.0
02/27/2025,17.5,17.8,17.5,17.6,294622.0,155.0
03/02/2025,17.6,17.7,17.5,17.5,65004.0,81.0
03/03/2025,17.5,17.6,17.4,17.4,99990.0,84.0
03/04/2025,17.5,17.5,17.2,17.3,169761.0,142.0
03/05/2025,17.3,17.4,17.2,17.3,160672.0,119.0
03/06/2025,17.3,17.4,17.1,17.1,153482.0,109.0
03/09/2025,17.1,17.4,16.9,17.2,275525.0,164.0
03/10/2025,17.2,17.3,17.1,17.1,76392.0,73.0
03/11/2025,17.2,17.3,17.0,17.1,99773.0,84.0
03/12/2025,17.2,17.3,17.1,17.2,70212.0,69.0
03/13/2025,17.2,17.3,17.1,17.2,99093.0,75.0
03/16/2025,17.3,17.4,17.0,17.1,142365.0,128.0
03/17/2025,17.2,17.3,17.0,17.0,194058.0,161.0
03/18/2025,17.2,17.3,17.0,17.2,171318.0,158.0
03/19/2025,17.2,17.2,17.0,17.0,147896.0,124.0
03/20/2025,17.1,17.3,17.0,17.2,338399.0,195.0
03/23/2025,17.2,17.2,16.9,16.9,172000.0,104.0
03/24/2025,16.9,17.2,16.9,17.0,134698.0,107.0
03/25/2025,17.0,17.1,16.9,17.0,102288.0,84.0
03/27/2025,17.0,17.1,16.9,16.9,181995.0,102.0
04/06/2025,16.8,16.8,15.8,16.1,377688.0,350.0
04/07/2025,16.1,16.3,16.0,16.1,163697.0,127.0
04/08/2025,16.1,16.3,16.1,16.2,83712.0,73.0
04/09/2025,15.3,16.3,15.3,16.0,185792.0,144.0
04/10/2025,16.2,16.9,16.2,16.4,250878.0,185.0
04/13/2025,16.4,16.4,16.0,16.1,154579.0,100.0
04/15/2025,17.6,17.6,15.9,16.0,138609.0,115.0
04/16/2025,16.0,16.0,15.8,15.9,144556.0,90.0
04/17/2025,15.9,15.9,15.8,15.9,127798.0,92.0
04/20/2025,15.9,16.0,15.7,15.7,129453.0,90.0
04/21/2025,15.8,15.9,15.7,15.8,85805.0,116.0
04/22/2025,15.8,16.2,15.8,16.1,250146.0,189.0
04/23/2025,16.3,16.4,16.0,16.2,354635.0,206.0
04/24/2025,16.2,16.2,15.8,15.8,97414.0,88.0
04/27/2025,16.3,16.4,16.0,16.3,491003.0,300.0
04/28/2025,16.4,16.4,15.8,15.9,229347.0,171.0
04/29/2025,15.8,16.1,15.8,15.9,133829.0,95.0
04/30/2025,16.0,16.4,15.9,16.2,329298.0,149.0
05/04/2025,16.4,16.4,16.1,16.3,194093.0,163.0
05/05/2025,16.4,16.4,16.1,16.1,149277.0,125.0
05/06/2025,16.2,16.2,16.0,16.0,148020.0,123.0
05/07/2025,15.9,15.9,15.0,15.0,376002.0,312.0
05/08/2025,15.8,15.8,15.4,15.7,137580.0,112.0
05/12/2025,15.7,15.9,15.5,15.8,174026.0,135.0
05/13/2025,15.7,15.8,15.5,15.6,97314.0,79.0
05/14/2025,15.5,15.5,15.3,15.3,31625.0,48.0
05/15/2025,15.3,15.3,15.0,15.1,79741.0,98.0
05/17/2025,15.1,15.3,15.1,15.2,48420.0,66.0
05/18/2025,15.3,15.5,15.3,15.3,100847.0,73.0
05/19/2025,15.2,16.3,15.2,15.5,334091.0,255.0
05/20/2025,15.3,16.0,15.3,15.9,189278.0,181.0
05/21/2025,15.8,16.0,15.5,16.0,209842.0,174.0
05/22/2025,15.0,16.0,15.0,15.7,184821.0,104.0
05/24/2025,15.6,15.6,15.4,15.5,136342.0,137.0
05/25/2025,15.5,15.5,15.3,15.3,115666.0,112.0
05/26/2025,15.4,15.5,15.1,15.2,190683.0,171.0
05/27/2025,15.4,15.4,15.0,15.0,162186.0,100.0
05/28/2025,15.1,15.1,14.6,14.9,210017.0,224.0
05/29/2025,14.9,15.2,14.8,15.0,143297.0,163.0
06/01/2025,15.4,16.0,15.3,15.9,479933.0,476.0
06/02/2025,15.9,15.9,15.6,15.8,148243.0,165.0
06/03/2025,15.6,15.7,15.5,15.5,198279.0,141.0
06/04/2025,15.6,15.6,15.4,15.5,106429.0,87.0
06/15/2025,15.9,15.9,15.4,15.4,158690.0,84.0
06/16/2025,15.6,15.9,15.6,15.9,161131.0,121.0
06/17/2025,15.7,15.8,15.6,15.7,177580.0,102.0
06/18/2025,15.6,15.7,15.5,15.7,108074.0,69.0
06/19/2025,15.7,15.8,15.6,15.6,93522.0,94.0
06/22/2025,15.5,15.6,15.1,15.1,170279.0,137.0
06/23/2025,15.2,15.3,15.0,15.2,71661.0,85.0
06/24/2025,15.5,15.6,15.2,15.3,78199.0,73.0
06/25/2025,15.4,15.6,15.3,15.5,129106.0,93.0
06/26/2025,15.6,15.9,15.6,15.8,222840.0,159.0
06/29/2025,15.8,15.9,15.7,15.7,141440.0,131.0
06/30/2025,15.7,15.8,15.5,15.7,122316.0,111.0
07/02/2025,15.8,16.1,15.7,16.0,222535.0,162.0
07/03/2025,16.0,16.0,15.7,15.8,148567.0,109.0
07/07/2025,15.9,16.2,15.8,16.1,557301.0,222.0
07/08/2025,15.8,16.1,15.7,15.8,318583.0,218.0
07/09/2025,15.8,15.9,15.6,15.8,306482.0,239.0
07/10/2025,15.8,16.0,15.7,15.8,332853.0,206.0
07/13/2025,15.8,15.8,15.6,15.7,236833.0,133.0
07/14/2025,15.6,16.1,15.6,16.0,488845.0,283.0
07/15/2025,17.6,17.6,15.9,16.2,421387.0,241.0
07/16/2025,16.2,16.6,16.2,16.5,541109.0,362.0
07/17/2025,16.5,16.7,16.3,16.6,628921.0,336.0
07/20/2025,16.7,17.1,16.4,16.6,440861.0,322.0
07/21/2025,16.6,16.8,16.3,16.5,478487.0,281.0
07/22/2025,16.4,16.8,16.2,16.6,296314.0,201.0
07/23/2025,16.7,16.9,16.4,16.6,456193.0,215.0
07/24/2025,16.9,17.2,16.5,17.0,857432.0,301.0
07/27/2025,17.3,17.5,17.0,17.3,800855.0,469.0
07/28/2025,17.6,18.4,17.5,17.9,3169994.0,1384.0
07/29/2025,17.8,18.2,17.6,17.8,806188.0,515.0
07/30/2025,17.8,18.1,17.4,17.9,1034747.0,552.0
07/31/2025,17.6,18.2,17.6,17.7,836684.0,362.0
08/03/2025,18.1,18.8,18.0,18.2,1910202.0,689.0
08/04/2025,18.1,18.2,17.5,17.6,874196.0,364.0
08/06/2025,17.8,18.1,17.6,17.8,757336.0,432.0
08/07/2025,18.0,18.1,17.6,17.6,431496.0,265.0
08/10/2025,18.0,18.0,17.6,17.7,459462.0,409.0
08/11/2025,17.8,18.0,17.3,17.5,445980.0,343.0
08/12/2025,17.5,17.7,17.3,17.4,583120.0,285.0
08/13/2025,17.7,18.4,17.7,17.8,1579164.0,601.0
08/14/2025,17.9,17.9,17.7,17.8,348280.0,195.0
08/17/2025,17.8,18.1,17.7,17.8,627871.0,287.0
08/18/2025,17.9,18.0,17.8,17.9,339637.0,256.0
08/19/2025,18.0,18.4,17.9,18.2,830669.0,477.0
08/20/2025,18.2,18.4,17.9,18.0,641352.0,278.0
08/21/2025,18.0,18.1,17.8,17.9,604943.0,194.0
08/24/2025,18.0,18.7,17.9,18.5,1512083.0,722.0
08/25/2025,18.6,18.8,18.3,18.6,823237.0,448.0
